{
  "@context": "https://w3id.org/ro/crate/1.1/context",
  "@graph": [
    {
      "@id": "ro-crate-metadata.json",
      "@type": "CreativeWork",
      "about": {
        "@id": "./"
      },
      "conformsTo": [
        {
          "@id": "https://w3id.org/ro/crate/1.1"
        },
        {
          "@id": "https://about.workflowhub.eu/Workflow-RO-Crate/"
        }
      ]
    },
    {
      "@id": "./",
      "@type": "Dataset",
      "datePublished": "2023-12-07T00:54:19.542+00:00",
      "mainEntity": {
        "@id": "advanced_workflow.ga"
      }
    },
    {
      "@id": "advanced_workflow.ga",
      "@type": [
        "File",
        "SoftwareSourceCode",
        "ComputationalWorkflow"
      ],
      "author": [
        {
          "@id": "#cd4ecb9e-5225-42fe-ae7a-22a8e828f3ac"
        }
      ],
      "license": {
        "@id": "https://spdx.org/licenses/MIT"
      },
      "name": "Analysis using MDAnalysis",
      "version": 1,
      "programmingLanguage": {
        "@id": "https://w3id.org/workflowhub/workflow-ro-crate#galaxy"
      }
    },
    {
      "@id": "https://spdx.org/licenses/MIT",
      "@type": "CreativeWork",
      "name": "MIT"
    },
    {
      "@id": "https://w3id.org/workflowhub/workflow-ro-crate#galaxy",
      "@type": "ComputerLanguage",
      "identifier": {
        "@id": "https://galaxyproject.org/"
      },
      "name": "Galaxy",
      "url": {
        "@id": "https://galaxyproject.org/"
      },
      "version": "23.1"
    },
    {
      "@id": "#cd4ecb9e-5225-42fe-ae7a-22a8e828f3ac",
      "@type": "Person",
      "name": "Chris Barnett"
    }
  ]
}