{
  "@context": "https://w3id.org/ro/crate/1.1/context",
  "@graph": [
    {
      "@id": "ro-crate-metadata.json",
      "@type": "CreativeWork",
      "about": {
        "@id": "./"
      },
      "conformsTo": [
        {
          "@id": "https://w3id.org/ro/crate/1.1"
        },
        {
          "@id": "https://about.workflowhub.eu/Workflow-RO-Crate/"
        }
      ]
    },
    {
      "@id": "./",
      "@type": "Dataset",
      "datePublished": "2023-11-15T00:55:28.465+00:00",
      "mainEntity": {
        "@id": "main_workflow.ga"
      }
    },
    {
      "@id": "main_workflow.ga",
      "@type": [
        "File",
        "SoftwareSourceCode",
        "ComputationalWorkflow"
      ],
      "author": [
        {
          "@id": "#18d5fa19-33f8-4184-99ad-9a587e17896d"
        },
        {
          "@id": "#6d357405-0eaa-4cdb-8433-4f85bf6f7e24"
        },
        {
          "@id": "#69c124b7-0da7-49ce-a691-a1baa31360e5"
        },
        {
          "@id": "#70025110-cc50-4521-b793-52f3751e92fe"
        }
      ],
      "license": {
        "@id": "https://spdx.org/licenses/GPL-3.0-or-later"
      },
      "name": "Genome Assembly using PacBio data",
      "version": 4,
      "programmingLanguage": {
        "@id": "https://w3id.org/workflowhub/workflow-ro-crate#galaxy"
      }
    },
    {
      "@id": "https://spdx.org/licenses/GPL-3.0-or-later",
      "@type": "CreativeWork",
      "name": "GPL-3.0-or-later"
    },
    {
      "@id": "https://w3id.org/workflowhub/workflow-ro-crate#galaxy",
      "@type": "ComputerLanguage",
      "identifier": {
        "@id": "https://galaxyproject.org/"
      },
      "name": "Galaxy",
      "url": {
        "@id": "https://galaxyproject.org/"
      },
      "version": "23.1"
    },
    {
      "@id": "#18d5fa19-33f8-4184-99ad-9a587e17896d",
      "@type": "Person",
      "name": "Erwan Corre"
    },
    {
      "@id": "#6d357405-0eaa-4cdb-8433-4f85bf6f7e24",
      "@type": "Person",
      "name": "Stéphanie Robin"
    },
    {
      "@id": "#69c124b7-0da7-49ce-a691-a1baa31360e5",
      "@type": "Person",
      "name": "Anthony Bretaudeau"
    },
    {
      "@id": "#70025110-cc50-4521-b793-52f3751e92fe",
      "@type": "Person",
      "name": "Alexandre Cormier"
    }
  ]
}