{
  "@context": "https://w3id.org/ro/crate/1.1/context",
  "@graph": [
    {
      "@id": "ro-crate-metadata.json",
      "@type": "CreativeWork",
      "about": {
        "@id": "./"
      },
      "conformsTo": [
        {
          "@id": "https://w3id.org/ro/crate/1.1"
        },
        {
          "@id": "https://about.workflowhub.eu/Workflow-RO-Crate/"
        }
      ]
    },
    {
      "@id": "./",
      "@type": "Dataset",
      "datePublished": "2023-12-05T00:55:12.575+00:00",
      "mainEntity": {
        "@id": "main_workflow.ga"
      }
    },
    {
      "@id": "main_workflow.ga",
      "@type": [
        "File",
        "SoftwareSourceCode",
        "ComputationalWorkflow"
      ],
      "author": [
        {
          "@id": "#edc461f1-8d56-4a6f-bb03-49fbf25ee931"
        },
        {
          "@id": "#158255f5-9f16-455f-bbe2-eeab1d7ea88c"
        },
        {
          "@id": "#df9bea00-095b-480b-ac91-158fdf0af969"
        },
        {
          "@id": "#634678e5-5e22-4b13-b81d-e5d61425eae0"
        }
      ],
      "license": {
        "@id": "https://spdx.org/licenses/GPL-3.0-or-later"
      },
      "name": "Genome Assembly using PacBio data",
      "version": 4,
      "programmingLanguage": {
        "@id": "https://w3id.org/workflowhub/workflow-ro-crate#galaxy"
      }
    },
    {
      "@id": "https://spdx.org/licenses/GPL-3.0-or-later",
      "@type": "CreativeWork",
      "name": "GPL-3.0-or-later"
    },
    {
      "@id": "https://w3id.org/workflowhub/workflow-ro-crate#galaxy",
      "@type": "ComputerLanguage",
      "identifier": {
        "@id": "https://galaxyproject.org/"
      },
      "name": "Galaxy",
      "url": {
        "@id": "https://galaxyproject.org/"
      },
      "version": "23.1"
    },
    {
      "@id": "#edc461f1-8d56-4a6f-bb03-49fbf25ee931",
      "@type": "Person",
      "name": "Erwan Corre"
    },
    {
      "@id": "#158255f5-9f16-455f-bbe2-eeab1d7ea88c",
      "@type": "Person",
      "name": "Stéphanie Robin"
    },
    {
      "@id": "#df9bea00-095b-480b-ac91-158fdf0af969",
      "@type": "Person",
      "name": "Anthony Bretaudeau"
    },
    {
      "@id": "#634678e5-5e22-4b13-b81d-e5d61425eae0",
      "@type": "Person",
      "name": "Alexandre Cormier"
    }
  ]
}