{
  "@context": "https://w3id.org/ro/crate/1.1/context",
  "@graph": [
    {
      "@id": "ro-crate-metadata.json",
      "@type": "CreativeWork",
      "about": {
        "@id": "./"
      },
      "conformsTo": [
        {
          "@id": "https://w3id.org/ro/crate/1.1"
        },
        {
          "@id": "https://about.workflowhub.eu/Workflow-RO-Crate/"
        }
      ]
    },
    {
      "@id": "./",
      "@type": "Dataset",
      "datePublished": "2023-11-08T00:52:22.843+00:00",
      "mainEntity": {
        "@id": "main_workflow.ga"
      }
    },
    {
      "@id": "main_workflow.ga",
      "@type": [
        "File",
        "SoftwareSourceCode",
        "ComputationalWorkflow"
      ],
      "author": [
        {
          "@id": "#eaa22a95-a1e1-4712-9b29-c8da29edf771"
        },
        {
          "@id": "#9217e730-c0c7-420a-8400-64669fc49a13"
        },
        {
          "@id": "#11433d28-b659-4232-bd56-4ee1f5b91ae4"
        },
        {
          "@id": "#86d7722e-f6f9-44f7-92d2-d4e3d4fec1ef"
        }
      ],
      "license": {
        "@id": "https://spdx.org/licenses/GPL-3.0-or-later"
      },
      "name": "Genome Assembly using PacBio data",
      "version": 4,
      "programmingLanguage": {
        "@id": "https://w3id.org/workflowhub/workflow-ro-crate#galaxy"
      }
    },
    {
      "@id": "https://spdx.org/licenses/GPL-3.0-or-later",
      "@type": "CreativeWork",
      "name": "GPL-3.0-or-later"
    },
    {
      "@id": "https://w3id.org/workflowhub/workflow-ro-crate#galaxy",
      "@type": "ComputerLanguage",
      "identifier": {
        "@id": "https://galaxyproject.org/"
      },
      "name": "Galaxy",
      "url": {
        "@id": "https://galaxyproject.org/"
      },
      "version": "23.1"
    },
    {
      "@id": "#eaa22a95-a1e1-4712-9b29-c8da29edf771",
      "@type": "Person",
      "name": "Erwan Corre"
    },
    {
      "@id": "#9217e730-c0c7-420a-8400-64669fc49a13",
      "@type": "Person",
      "name": "Stéphanie Robin"
    },
    {
      "@id": "#11433d28-b659-4232-bd56-4ee1f5b91ae4",
      "@type": "Person",
      "name": "Anthony Bretaudeau"
    },
    {
      "@id": "#86d7722e-f6f9-44f7-92d2-d4e3d4fec1ef",
      "@type": "Person",
      "name": "Alexandre Cormier"
    }
  ]
}