{
  "@context": "https://w3id.org/ro/crate/1.1/context",
  "@graph": [
    {
      "@id": "ro-crate-metadata.json",
      "@type": "CreativeWork",
      "about": {
        "@id": "./"
      },
      "conformsTo": [
        {
          "@id": "https://w3id.org/ro/crate/1.1"
        },
        {
          "@id": "https://about.workflowhub.eu/Workflow-RO-Crate/"
        }
      ]
    },
    {
      "@id": "./",
      "@type": "Dataset",
      "datePublished": "2023-11-20T00:54:51.456+00:00",
      "mainEntity": {
        "@id": "main_workflow.ga"
      }
    },
    {
      "@id": "main_workflow.ga",
      "@type": [
        "File",
        "SoftwareSourceCode",
        "ComputationalWorkflow"
      ],
      "author": [
        {
          "@id": "#eb6ee740-afc1-4661-8cc2-3e59d32f170d"
        },
        {
          "@id": "#e0571aa9-e6b1-4a5f-add8-0235f6ed286a"
        },
        {
          "@id": "#b5b10d8c-452c-4ae2-8396-85d21fc6b155"
        },
        {
          "@id": "#3d72d170-8b56-4230-b855-62cf06b2022a"
        }
      ],
      "license": {
        "@id": "https://spdx.org/licenses/GPL-3.0-or-later"
      },
      "name": "Genome Assembly using PacBio data",
      "version": 4,
      "programmingLanguage": {
        "@id": "https://w3id.org/workflowhub/workflow-ro-crate#galaxy"
      }
    },
    {
      "@id": "https://spdx.org/licenses/GPL-3.0-or-later",
      "@type": "CreativeWork",
      "name": "GPL-3.0-or-later"
    },
    {
      "@id": "https://w3id.org/workflowhub/workflow-ro-crate#galaxy",
      "@type": "ComputerLanguage",
      "identifier": {
        "@id": "https://galaxyproject.org/"
      },
      "name": "Galaxy",
      "url": {
        "@id": "https://galaxyproject.org/"
      },
      "version": "23.1"
    },
    {
      "@id": "#eb6ee740-afc1-4661-8cc2-3e59d32f170d",
      "@type": "Person",
      "name": "Erwan Corre"
    },
    {
      "@id": "#e0571aa9-e6b1-4a5f-add8-0235f6ed286a",
      "@type": "Person",
      "name": "Stéphanie Robin"
    },
    {
      "@id": "#b5b10d8c-452c-4ae2-8396-85d21fc6b155",
      "@type": "Person",
      "name": "Anthony Bretaudeau"
    },
    {
      "@id": "#3d72d170-8b56-4230-b855-62cf06b2022a",
      "@type": "Person",
      "name": "Alexandre Cormier"
    }
  ]
}