{
  "@context": "https://w3id.org/ro/crate/1.1/context",
  "@graph": [
    {
      "@id": "ro-crate-metadata.json",
      "@type": "CreativeWork",
      "about": {
        "@id": "./"
      },
      "conformsTo": [
        {
          "@id": "https://w3id.org/ro/crate/1.1"
        },
        {
          "@id": "https://about.workflowhub.eu/Workflow-RO-Crate/"
        }
      ]
    },
    {
      "@id": "./",
      "@type": "Dataset",
      "datePublished": "2023-12-09T00:53:25.017+00:00",
      "mainEntity": {
        "@id": "main_workflow.ga"
      }
    },
    {
      "@id": "main_workflow.ga",
      "@type": [
        "File",
        "SoftwareSourceCode",
        "ComputationalWorkflow"
      ],
      "author": [
        {
          "@id": "#190d2491-9a92-40c0-866f-1e07b92d6530"
        },
        {
          "@id": "#dc9a66af-50f2-4fb5-b55f-364cc4c069d8"
        },
        {
          "@id": "#464c09bf-a0b7-4d35-867a-9062ccc86902"
        },
        {
          "@id": "#384a44f0-28a6-4c7e-81f9-1139adc3fbfe"
        }
      ],
      "license": {
        "@id": "https://spdx.org/licenses/GPL-3.0-or-later"
      },
      "name": "Genome Assembly using PacBio data",
      "version": 4,
      "programmingLanguage": {
        "@id": "https://w3id.org/workflowhub/workflow-ro-crate#galaxy"
      }
    },
    {
      "@id": "https://spdx.org/licenses/GPL-3.0-or-later",
      "@type": "CreativeWork",
      "name": "GPL-3.0-or-later"
    },
    {
      "@id": "https://w3id.org/workflowhub/workflow-ro-crate#galaxy",
      "@type": "ComputerLanguage",
      "identifier": {
        "@id": "https://galaxyproject.org/"
      },
      "name": "Galaxy",
      "url": {
        "@id": "https://galaxyproject.org/"
      },
      "version": "23.1"
    },
    {
      "@id": "#190d2491-9a92-40c0-866f-1e07b92d6530",
      "@type": "Person",
      "name": "Erwan Corre"
    },
    {
      "@id": "#dc9a66af-50f2-4fb5-b55f-364cc4c069d8",
      "@type": "Person",
      "name": "Stéphanie Robin"
    },
    {
      "@id": "#464c09bf-a0b7-4d35-867a-9062ccc86902",
      "@type": "Person",
      "name": "Anthony Bretaudeau"
    },
    {
      "@id": "#384a44f0-28a6-4c7e-81f9-1139adc3fbfe",
      "@type": "Person",
      "name": "Alexandre Cormier"
    }
  ]
}