{
  "@context": "https://w3id.org/ro/crate/1.1/context",
  "@graph": [
    {
      "@id": "ro-crate-metadata.json",
      "@type": "CreativeWork",
      "about": {
        "@id": "./"
      },
      "conformsTo": [
        {
          "@id": "https://w3id.org/ro/crate/1.1"
        },
        {
          "@id": "https://about.workflowhub.eu/Workflow-RO-Crate/"
        }
      ]
    },
    {
      "@id": "./",
      "@type": "Dataset",
      "datePublished": "2023-11-04T19:17:33.746+00:00",
      "mainEntity": {
        "@id": "main_workflow.ga"
      }
    },
    {
      "@id": "main_workflow.ga",
      "@type": [
        "File",
        "SoftwareSourceCode",
        "ComputationalWorkflow"
      ],
      "author": [
        {
          "@id": "#8004e90f-055c-4110-af22-0002e5043316"
        },
        {
          "@id": "#ab39cd1e-6b98-4ebd-906a-9d7683727660"
        },
        {
          "@id": "#c5a4dfc7-e7fb-4224-9a78-944043851165"
        },
        {
          "@id": "#4fb79225-356f-4b3e-ba54-2704293f4dee"
        }
      ],
      "license": {
        "@id": "https://spdx.org/licenses/GPL-3.0-or-later"
      },
      "name": "Genome Assembly using PacBio data",
      "version": 4,
      "programmingLanguage": {
        "@id": "https://w3id.org/workflowhub/workflow-ro-crate#galaxy"
      }
    },
    {
      "@id": "https://spdx.org/licenses/GPL-3.0-or-later",
      "@type": "CreativeWork",
      "name": "GPL-3.0-or-later"
    },
    {
      "@id": "https://w3id.org/workflowhub/workflow-ro-crate#galaxy",
      "@type": "ComputerLanguage",
      "identifier": {
        "@id": "https://galaxyproject.org/"
      },
      "name": "Galaxy",
      "url": {
        "@id": "https://galaxyproject.org/"
      },
      "version": "23.1"
    },
    {
      "@id": "#8004e90f-055c-4110-af22-0002e5043316",
      "@type": "Person",
      "name": "Erwan Corre"
    },
    {
      "@id": "#ab39cd1e-6b98-4ebd-906a-9d7683727660",
      "@type": "Person",
      "name": "Stéphanie Robin"
    },
    {
      "@id": "#c5a4dfc7-e7fb-4224-9a78-944043851165",
      "@type": "Person",
      "name": "Anthony Bretaudeau"
    },
    {
      "@id": "#4fb79225-356f-4b3e-ba54-2704293f4dee",
      "@type": "Person",
      "name": "Alexandre Cormier"
    }
  ]
}