{
  "@context": "https://w3id.org/ro/crate/1.1/context",
  "@graph": [
    {
      "@id": "ro-crate-metadata.json",
      "@type": "CreativeWork",
      "about": {
        "@id": "./"
      },
      "conformsTo": [
        {
          "@id": "https://w3id.org/ro/crate/1.1"
        },
        {
          "@id": "https://about.workflowhub.eu/Workflow-RO-Crate/"
        }
      ]
    },
    {
      "@id": "./",
      "@type": "Dataset",
      "datePublished": "2023-11-27T00:54:49.051+00:00",
      "mainEntity": {
        "@id": "main_workflow.ga"
      }
    },
    {
      "@id": "main_workflow.ga",
      "@type": [
        "File",
        "SoftwareSourceCode",
        "ComputationalWorkflow"
      ],
      "author": [
        {
          "@id": "#0069f9c1-2414-4a98-8d6c-822721ce4a95"
        },
        {
          "@id": "#56c525b3-163f-41ab-a5eb-0fd24381acff"
        },
        {
          "@id": "#bf4537aa-b4b1-49a7-88dd-2b6f4863b7db"
        },
        {
          "@id": "#7b58549a-f4a6-481f-ab2f-76de349c04f1"
        }
      ],
      "license": {
        "@id": "https://spdx.org/licenses/GPL-3.0-or-later"
      },
      "name": "Genome Assembly using PacBio data",
      "version": 4,
      "programmingLanguage": {
        "@id": "https://w3id.org/workflowhub/workflow-ro-crate#galaxy"
      }
    },
    {
      "@id": "https://spdx.org/licenses/GPL-3.0-or-later",
      "@type": "CreativeWork",
      "name": "GPL-3.0-or-later"
    },
    {
      "@id": "https://w3id.org/workflowhub/workflow-ro-crate#galaxy",
      "@type": "ComputerLanguage",
      "identifier": {
        "@id": "https://galaxyproject.org/"
      },
      "name": "Galaxy",
      "url": {
        "@id": "https://galaxyproject.org/"
      },
      "version": "23.1"
    },
    {
      "@id": "#0069f9c1-2414-4a98-8d6c-822721ce4a95",
      "@type": "Person",
      "name": "Erwan Corre"
    },
    {
      "@id": "#56c525b3-163f-41ab-a5eb-0fd24381acff",
      "@type": "Person",
      "name": "Stéphanie Robin"
    },
    {
      "@id": "#bf4537aa-b4b1-49a7-88dd-2b6f4863b7db",
      "@type": "Person",
      "name": "Anthony Bretaudeau"
    },
    {
      "@id": "#7b58549a-f4a6-481f-ab2f-76de349c04f1",
      "@type": "Person",
      "name": "Alexandre Cormier"
    }
  ]
}