{
  "@context": "https://w3id.org/ro/crate/1.1/context",
  "@graph": [
    {
      "@id": "ro-crate-metadata.json",
      "@type": "CreativeWork",
      "about": {
        "@id": "./"
      },
      "conformsTo": [
        {
          "@id": "https://w3id.org/ro/crate/1.1"
        },
        {
          "@id": "https://about.workflowhub.eu/Workflow-RO-Crate/"
        }
      ]
    },
    {
      "@id": "./",
      "@type": "Dataset",
      "datePublished": "2023-11-30T00:54:11.390+00:00",
      "mainEntity": {
        "@id": "main_workflow.ga"
      }
    },
    {
      "@id": "main_workflow.ga",
      "@type": [
        "File",
        "SoftwareSourceCode",
        "ComputationalWorkflow"
      ],
      "author": [
        {
          "@id": "#fadb1310-276b-4b12-9988-c5ee305d701b"
        },
        {
          "@id": "#537ef475-a4fa-4783-8ed6-25aa454b6f93"
        },
        {
          "@id": "#8345696e-741f-4143-a5d1-5e8c0c25fd67"
        },
        {
          "@id": "#45f9abd0-94ba-4630-b9ad-a7465648ad9d"
        }
      ],
      "license": {
        "@id": "https://spdx.org/licenses/GPL-3.0-or-later"
      },
      "name": "Genome Assembly using PacBio data",
      "version": 4,
      "programmingLanguage": {
        "@id": "https://w3id.org/workflowhub/workflow-ro-crate#galaxy"
      }
    },
    {
      "@id": "https://spdx.org/licenses/GPL-3.0-or-later",
      "@type": "CreativeWork",
      "name": "GPL-3.0-or-later"
    },
    {
      "@id": "https://w3id.org/workflowhub/workflow-ro-crate#galaxy",
      "@type": "ComputerLanguage",
      "identifier": {
        "@id": "https://galaxyproject.org/"
      },
      "name": "Galaxy",
      "url": {
        "@id": "https://galaxyproject.org/"
      },
      "version": "23.1"
    },
    {
      "@id": "#fadb1310-276b-4b12-9988-c5ee305d701b",
      "@type": "Person",
      "name": "Erwan Corre"
    },
    {
      "@id": "#537ef475-a4fa-4783-8ed6-25aa454b6f93",
      "@type": "Person",
      "name": "Stéphanie Robin"
    },
    {
      "@id": "#8345696e-741f-4143-a5d1-5e8c0c25fd67",
      "@type": "Person",
      "name": "Anthony Bretaudeau"
    },
    {
      "@id": "#45f9abd0-94ba-4630-b9ad-a7465648ad9d",
      "@type": "Person",
      "name": "Alexandre Cormier"
    }
  ]
}