{
  "@context": "https://w3id.org/ro/crate/1.1/context",
  "@graph": [
    {
      "@id": "ro-crate-metadata.json",
      "@type": "CreativeWork",
      "about": {
        "@id": "./"
      },
      "conformsTo": [
        {
          "@id": "https://w3id.org/ro/crate/1.1"
        },
        {
          "@id": "https://about.workflowhub.eu/Workflow-RO-Crate/"
        }
      ]
    },
    {
      "@id": "./",
      "@type": "Dataset",
      "datePublished": "2023-11-22T01:02:47.137+00:00",
      "mainEntity": {
        "@id": "main_workflow.ga"
      }
    },
    {
      "@id": "main_workflow.ga",
      "@type": [
        "File",
        "SoftwareSourceCode",
        "ComputationalWorkflow"
      ],
      "author": [
        {
          "@id": "#2eeb7f37-eb5a-4a91-b4de-28738ecf0c96"
        },
        {
          "@id": "#51d57981-6d3f-40d6-ac5f-422b6003b7c7"
        },
        {
          "@id": "#5bc1ea03-890b-497e-958a-1203ad50fe38"
        },
        {
          "@id": "#cae0ffe8-16ee-4dc1-9e1c-e9fd4bc2082e"
        }
      ],
      "license": {
        "@id": "https://spdx.org/licenses/GPL-3.0-or-later"
      },
      "name": "Genome Assembly using PacBio data",
      "version": 4,
      "programmingLanguage": {
        "@id": "https://w3id.org/workflowhub/workflow-ro-crate#galaxy"
      }
    },
    {
      "@id": "https://spdx.org/licenses/GPL-3.0-or-later",
      "@type": "CreativeWork",
      "name": "GPL-3.0-or-later"
    },
    {
      "@id": "https://w3id.org/workflowhub/workflow-ro-crate#galaxy",
      "@type": "ComputerLanguage",
      "identifier": {
        "@id": "https://galaxyproject.org/"
      },
      "name": "Galaxy",
      "url": {
        "@id": "https://galaxyproject.org/"
      },
      "version": "23.1"
    },
    {
      "@id": "#2eeb7f37-eb5a-4a91-b4de-28738ecf0c96",
      "@type": "Person",
      "name": "Erwan Corre"
    },
    {
      "@id": "#51d57981-6d3f-40d6-ac5f-422b6003b7c7",
      "@type": "Person",
      "name": "Stéphanie Robin"
    },
    {
      "@id": "#5bc1ea03-890b-497e-958a-1203ad50fe38",
      "@type": "Person",
      "name": "Anthony Bretaudeau"
    },
    {
      "@id": "#cae0ffe8-16ee-4dc1-9e1c-e9fd4bc2082e",
      "@type": "Person",
      "name": "Alexandre Cormier"
    }
  ]
}