{
  "@context": "https://w3id.org/ro/crate/1.1/context",
  "@graph": [
    {
      "@id": "ro-crate-metadata.json",
      "@type": "CreativeWork",
      "about": {
        "@id": "./"
      },
      "conformsTo": [
        {
          "@id": "https://w3id.org/ro/crate/1.1"
        },
        {
          "@id": "https://about.workflowhub.eu/Workflow-RO-Crate/"
        }
      ]
    },
    {
      "@id": "./",
      "@type": "Dataset",
      "datePublished": "2023-11-26T00:56:59.906+00:00",
      "mainEntity": {
        "@id": "main_workflow.ga"
      }
    },
    {
      "@id": "main_workflow.ga",
      "@type": [
        "File",
        "SoftwareSourceCode",
        "ComputationalWorkflow"
      ],
      "author": [
        {
          "@id": "#31baacb9-93e0-4644-affc-a23fe1c1c9f0"
        },
        {
          "@id": "#8d4a1d92-79fd-4925-80b8-dd257e17cc0b"
        },
        {
          "@id": "#50e10982-85b3-4790-a519-3de45f6cb9cc"
        },
        {
          "@id": "#d4744301-02ff-4143-a466-ed7915ee957b"
        }
      ],
      "license": {
        "@id": "https://spdx.org/licenses/GPL-3.0-or-later"
      },
      "name": "Genome Assembly using PacBio data",
      "version": 4,
      "programmingLanguage": {
        "@id": "https://w3id.org/workflowhub/workflow-ro-crate#galaxy"
      }
    },
    {
      "@id": "https://spdx.org/licenses/GPL-3.0-or-later",
      "@type": "CreativeWork",
      "name": "GPL-3.0-or-later"
    },
    {
      "@id": "https://w3id.org/workflowhub/workflow-ro-crate#galaxy",
      "@type": "ComputerLanguage",
      "identifier": {
        "@id": "https://galaxyproject.org/"
      },
      "name": "Galaxy",
      "url": {
        "@id": "https://galaxyproject.org/"
      },
      "version": "23.1"
    },
    {
      "@id": "#31baacb9-93e0-4644-affc-a23fe1c1c9f0",
      "@type": "Person",
      "name": "Erwan Corre"
    },
    {
      "@id": "#8d4a1d92-79fd-4925-80b8-dd257e17cc0b",
      "@type": "Person",
      "name": "Stéphanie Robin"
    },
    {
      "@id": "#50e10982-85b3-4790-a519-3de45f6cb9cc",
      "@type": "Person",
      "name": "Anthony Bretaudeau"
    },
    {
      "@id": "#d4744301-02ff-4143-a466-ed7915ee957b",
      "@type": "Person",
      "name": "Alexandre Cormier"
    }
  ]
}