{
  "@context": "https://w3id.org/ro/crate/1.1/context",
  "@graph": [
    {
      "@id": "ro-crate-metadata.json",
      "@type": "CreativeWork",
      "about": {
        "@id": "./"
      },
      "conformsTo": [
        {
          "@id": "https://w3id.org/ro/crate/1.1"
        },
        {
          "@id": "https://about.workflowhub.eu/Workflow-RO-Crate/"
        }
      ]
    },
    {
      "@id": "./",
      "@type": "Dataset",
      "datePublished": "2023-12-04T00:54:43.102+00:00",
      "mainEntity": {
        "@id": "main_workflow.ga"
      }
    },
    {
      "@id": "main_workflow.ga",
      "@type": [
        "File",
        "SoftwareSourceCode",
        "ComputationalWorkflow"
      ],
      "author": [
        {
          "@id": "#37639d49-50ae-4c3e-ab2c-2ef48cbf5b23"
        },
        {
          "@id": "#b90b6a0b-4eb5-4fa7-bdf1-c64bda5436a1"
        },
        {
          "@id": "#64c4268f-3a73-4207-921f-27e8e09db5ac"
        },
        {
          "@id": "#114c0efd-1bc7-40c9-8aeb-c7e2a555a3b7"
        }
      ],
      "license": {
        "@id": "https://spdx.org/licenses/GPL-3.0-or-later"
      },
      "name": "Genome Assembly using PacBio data",
      "version": 4,
      "programmingLanguage": {
        "@id": "https://w3id.org/workflowhub/workflow-ro-crate#galaxy"
      }
    },
    {
      "@id": "https://spdx.org/licenses/GPL-3.0-or-later",
      "@type": "CreativeWork",
      "name": "GPL-3.0-or-later"
    },
    {
      "@id": "https://w3id.org/workflowhub/workflow-ro-crate#galaxy",
      "@type": "ComputerLanguage",
      "identifier": {
        "@id": "https://galaxyproject.org/"
      },
      "name": "Galaxy",
      "url": {
        "@id": "https://galaxyproject.org/"
      },
      "version": "23.1"
    },
    {
      "@id": "#37639d49-50ae-4c3e-ab2c-2ef48cbf5b23",
      "@type": "Person",
      "name": "Erwan Corre"
    },
    {
      "@id": "#b90b6a0b-4eb5-4fa7-bdf1-c64bda5436a1",
      "@type": "Person",
      "name": "Stéphanie Robin"
    },
    {
      "@id": "#64c4268f-3a73-4207-921f-27e8e09db5ac",
      "@type": "Person",
      "name": "Anthony Bretaudeau"
    },
    {
      "@id": "#114c0efd-1bc7-40c9-8aeb-c7e2a555a3b7",
      "@type": "Person",
      "name": "Alexandre Cormier"
    }
  ]
}