{
  "@context": "https://w3id.org/ro/crate/1.1/context",
  "@graph": [
    {
      "@id": "ro-crate-metadata.json",
      "@type": "CreativeWork",
      "about": {
        "@id": "./"
      },
      "conformsTo": [
        {
          "@id": "https://w3id.org/ro/crate/1.1"
        },
        {
          "@id": "https://about.workflowhub.eu/Workflow-RO-Crate/"
        }
      ]
    },
    {
      "@id": "./",
      "@type": "Dataset",
      "datePublished": "2023-11-18T00:53:14.674+00:00",
      "mainEntity": {
        "@id": "main_workflow.ga"
      }
    },
    {
      "@id": "main_workflow.ga",
      "@type": [
        "File",
        "SoftwareSourceCode",
        "ComputationalWorkflow"
      ],
      "author": [
        {
          "@id": "#5be7cce0-0ba7-4b9e-bb26-c0c2a10f58f9"
        },
        {
          "@id": "#18ee06a7-4933-4965-9c23-3b7f71682c5b"
        },
        {
          "@id": "#500e4f41-fc15-47bb-8488-726b6f3da077"
        },
        {
          "@id": "#837aae38-94f5-41ba-9648-7d0c76581df0"
        }
      ],
      "license": {
        "@id": "https://spdx.org/licenses/GPL-3.0-or-later"
      },
      "name": "Genome Assembly using PacBio data",
      "version": 4,
      "programmingLanguage": {
        "@id": "https://w3id.org/workflowhub/workflow-ro-crate#galaxy"
      }
    },
    {
      "@id": "https://spdx.org/licenses/GPL-3.0-or-later",
      "@type": "CreativeWork",
      "name": "GPL-3.0-or-later"
    },
    {
      "@id": "https://w3id.org/workflowhub/workflow-ro-crate#galaxy",
      "@type": "ComputerLanguage",
      "identifier": {
        "@id": "https://galaxyproject.org/"
      },
      "name": "Galaxy",
      "url": {
        "@id": "https://galaxyproject.org/"
      },
      "version": "23.1"
    },
    {
      "@id": "#5be7cce0-0ba7-4b9e-bb26-c0c2a10f58f9",
      "@type": "Person",
      "name": "Erwan Corre"
    },
    {
      "@id": "#18ee06a7-4933-4965-9c23-3b7f71682c5b",
      "@type": "Person",
      "name": "Stéphanie Robin"
    },
    {
      "@id": "#500e4f41-fc15-47bb-8488-726b6f3da077",
      "@type": "Person",
      "name": "Anthony Bretaudeau"
    },
    {
      "@id": "#837aae38-94f5-41ba-9648-7d0c76581df0",
      "@type": "Person",
      "name": "Alexandre Cormier"
    }
  ]
}