{
  "@context": "https://w3id.org/ro/crate/1.1/context",
  "@graph": [
    {
      "@id": "ro-crate-metadata.json",
      "@type": "CreativeWork",
      "about": {
        "@id": "./"
      },
      "conformsTo": [
        {
          "@id": "https://w3id.org/ro/crate/1.1"
        },
        {
          "@id": "https://about.workflowhub.eu/Workflow-RO-Crate/"
        }
      ]
    },
    {
      "@id": "./",
      "@type": "Dataset",
      "datePublished": "2023-11-13T00:54:55.498+00:00",
      "mainEntity": {
        "@id": "main_workflow.ga"
      }
    },
    {
      "@id": "main_workflow.ga",
      "@type": [
        "File",
        "SoftwareSourceCode",
        "ComputationalWorkflow"
      ],
      "author": [
        {
          "@id": "#1baeed28-53fb-4c1d-a118-4a84608a6d49"
        },
        {
          "@id": "#25fbf996-26a7-49ae-a175-ce1c761c88f9"
        },
        {
          "@id": "#9948aa5d-7fbb-4cec-9ed9-c303ccb85000"
        },
        {
          "@id": "#5ad8204c-ca38-49ac-a8f7-7869d732b0ff"
        }
      ],
      "license": {
        "@id": "https://spdx.org/licenses/GPL-3.0-or-later"
      },
      "name": "Genome Assembly using PacBio data",
      "version": 4,
      "programmingLanguage": {
        "@id": "https://w3id.org/workflowhub/workflow-ro-crate#galaxy"
      }
    },
    {
      "@id": "https://spdx.org/licenses/GPL-3.0-or-later",
      "@type": "CreativeWork",
      "name": "GPL-3.0-or-later"
    },
    {
      "@id": "https://w3id.org/workflowhub/workflow-ro-crate#galaxy",
      "@type": "ComputerLanguage",
      "identifier": {
        "@id": "https://galaxyproject.org/"
      },
      "name": "Galaxy",
      "url": {
        "@id": "https://galaxyproject.org/"
      },
      "version": "23.1"
    },
    {
      "@id": "#1baeed28-53fb-4c1d-a118-4a84608a6d49",
      "@type": "Person",
      "name": "Erwan Corre"
    },
    {
      "@id": "#25fbf996-26a7-49ae-a175-ce1c761c88f9",
      "@type": "Person",
      "name": "Stéphanie Robin"
    },
    {
      "@id": "#9948aa5d-7fbb-4cec-9ed9-c303ccb85000",
      "@type": "Person",
      "name": "Anthony Bretaudeau"
    },
    {
      "@id": "#5ad8204c-ca38-49ac-a8f7-7869d732b0ff",
      "@type": "Person",
      "name": "Alexandre Cormier"
    }
  ]
}