{
  "@context": "https://w3id.org/ro/crate/1.1/context",
  "@graph": [
    {
      "@id": "ro-crate-metadata.json",
      "@type": "CreativeWork",
      "about": {
        "@id": "./"
      },
      "conformsTo": [
        {
          "@id": "https://w3id.org/ro/crate/1.1"
        },
        {
          "@id": "https://about.workflowhub.eu/Workflow-RO-Crate/"
        }
      ]
    },
    {
      "@id": "./",
      "@type": "Dataset",
      "datePublished": "2023-11-21T00:56:53.020+00:00",
      "mainEntity": {
        "@id": "main_workflow.ga"
      }
    },
    {
      "@id": "main_workflow.ga",
      "@type": [
        "File",
        "SoftwareSourceCode",
        "ComputationalWorkflow"
      ],
      "author": [
        {
          "@id": "#4252e14f-6ca0-4d06-9c30-e589f935a5ff"
        },
        {
          "@id": "#9ba2e989-a852-4ab1-a6d7-9a3593ad955f"
        },
        {
          "@id": "#06c0397a-9daa-4eaf-b3c9-b2760bc4ef9d"
        },
        {
          "@id": "#3c305948-d277-4cd5-bad5-279f6ec9d65f"
        }
      ],
      "license": {
        "@id": "https://spdx.org/licenses/GPL-3.0-or-later"
      },
      "name": "Genome Assembly using PacBio data",
      "version": 4,
      "programmingLanguage": {
        "@id": "https://w3id.org/workflowhub/workflow-ro-crate#galaxy"
      }
    },
    {
      "@id": "https://spdx.org/licenses/GPL-3.0-or-later",
      "@type": "CreativeWork",
      "name": "GPL-3.0-or-later"
    },
    {
      "@id": "https://w3id.org/workflowhub/workflow-ro-crate#galaxy",
      "@type": "ComputerLanguage",
      "identifier": {
        "@id": "https://galaxyproject.org/"
      },
      "name": "Galaxy",
      "url": {
        "@id": "https://galaxyproject.org/"
      },
      "version": "23.1"
    },
    {
      "@id": "#4252e14f-6ca0-4d06-9c30-e589f935a5ff",
      "@type": "Person",
      "name": "Erwan Corre"
    },
    {
      "@id": "#9ba2e989-a852-4ab1-a6d7-9a3593ad955f",
      "@type": "Person",
      "name": "Stéphanie Robin"
    },
    {
      "@id": "#06c0397a-9daa-4eaf-b3c9-b2760bc4ef9d",
      "@type": "Person",
      "name": "Anthony Bretaudeau"
    },
    {
      "@id": "#3c305948-d277-4cd5-bad5-279f6ec9d65f",
      "@type": "Person",
      "name": "Alexandre Cormier"
    }
  ]
}