{
  "@context": "https://w3id.org/ro/crate/1.1/context",
  "@graph": [
    {
      "@id": "ro-crate-metadata.json",
      "@type": "CreativeWork",
      "about": {
        "@id": "./"
      },
      "conformsTo": [
        {
          "@id": "https://w3id.org/ro/crate/1.1"
        },
        {
          "@id": "https://about.workflowhub.eu/Workflow-RO-Crate/"
        }
      ]
    },
    {
      "@id": "./",
      "@type": "Dataset",
      "datePublished": "2023-11-06T00:55:06.016+00:00",
      "mainEntity": {
        "@id": "main_workflow.ga"
      }
    },
    {
      "@id": "main_workflow.ga",
      "@type": [
        "File",
        "SoftwareSourceCode",
        "ComputationalWorkflow"
      ],
      "author": [
        {
          "@id": "#1f4da2d4-bcf0-4323-9b2f-23d097c1c615"
        },
        {
          "@id": "#64b3fb92-9e5c-4506-a945-6d0ba079239b"
        },
        {
          "@id": "#55c59149-34a4-4f7b-a5dc-e9c83d49ffcd"
        },
        {
          "@id": "#40f8692c-28d1-42cd-ac08-b457895bc9ee"
        }
      ],
      "license": {
        "@id": "https://spdx.org/licenses/GPL-3.0-or-later"
      },
      "name": "Genome Assembly using PacBio data",
      "version": 4,
      "programmingLanguage": {
        "@id": "https://w3id.org/workflowhub/workflow-ro-crate#galaxy"
      }
    },
    {
      "@id": "https://spdx.org/licenses/GPL-3.0-or-later",
      "@type": "CreativeWork",
      "name": "GPL-3.0-or-later"
    },
    {
      "@id": "https://w3id.org/workflowhub/workflow-ro-crate#galaxy",
      "@type": "ComputerLanguage",
      "identifier": {
        "@id": "https://galaxyproject.org/"
      },
      "name": "Galaxy",
      "url": {
        "@id": "https://galaxyproject.org/"
      },
      "version": "23.1"
    },
    {
      "@id": "#1f4da2d4-bcf0-4323-9b2f-23d097c1c615",
      "@type": "Person",
      "name": "Erwan Corre"
    },
    {
      "@id": "#64b3fb92-9e5c-4506-a945-6d0ba079239b",
      "@type": "Person",
      "name": "Stéphanie Robin"
    },
    {
      "@id": "#55c59149-34a4-4f7b-a5dc-e9c83d49ffcd",
      "@type": "Person",
      "name": "Anthony Bretaudeau"
    },
    {
      "@id": "#40f8692c-28d1-42cd-ac08-b457895bc9ee",
      "@type": "Person",
      "name": "Alexandre Cormier"
    }
  ]
}