{
  "@context": "https://w3id.org/ro/crate/1.1/context",
  "@graph": [
    {
      "@id": "ro-crate-metadata.json",
      "@type": "CreativeWork",
      "about": {
        "@id": "./"
      },
      "conformsTo": [
        {
          "@id": "https://w3id.org/ro/crate/1.1"
        },
        {
          "@id": "https://about.workflowhub.eu/Workflow-RO-Crate/"
        }
      ]
    },
    {
      "@id": "./",
      "@type": "Dataset",
      "datePublished": "2023-11-09T00:51:56.979+00:00",
      "mainEntity": {
        "@id": "main_workflow.ga"
      }
    },
    {
      "@id": "main_workflow.ga",
      "@type": [
        "File",
        "SoftwareSourceCode",
        "ComputationalWorkflow"
      ],
      "author": [
        {
          "@id": "#5ac2058c-12f7-4014-950c-a1e70b39ba53"
        },
        {
          "@id": "#22ce4e8e-51b1-4154-ac34-9e768c8902ef"
        },
        {
          "@id": "#984bf54d-028f-4edd-ac2e-197a70f96213"
        },
        {
          "@id": "#7d5912ea-ea7b-4bd9-886c-11cf2c631ff8"
        }
      ],
      "license": {
        "@id": "https://spdx.org/licenses/GPL-3.0-or-later"
      },
      "name": "Genome Assembly using PacBio data",
      "version": 4,
      "programmingLanguage": {
        "@id": "https://w3id.org/workflowhub/workflow-ro-crate#galaxy"
      }
    },
    {
      "@id": "https://spdx.org/licenses/GPL-3.0-or-later",
      "@type": "CreativeWork",
      "name": "GPL-3.0-or-later"
    },
    {
      "@id": "https://w3id.org/workflowhub/workflow-ro-crate#galaxy",
      "@type": "ComputerLanguage",
      "identifier": {
        "@id": "https://galaxyproject.org/"
      },
      "name": "Galaxy",
      "url": {
        "@id": "https://galaxyproject.org/"
      },
      "version": "23.1"
    },
    {
      "@id": "#5ac2058c-12f7-4014-950c-a1e70b39ba53",
      "@type": "Person",
      "name": "Erwan Corre"
    },
    {
      "@id": "#22ce4e8e-51b1-4154-ac34-9e768c8902ef",
      "@type": "Person",
      "name": "Stéphanie Robin"
    },
    {
      "@id": "#984bf54d-028f-4edd-ac2e-197a70f96213",
      "@type": "Person",
      "name": "Anthony Bretaudeau"
    },
    {
      "@id": "#7d5912ea-ea7b-4bd9-886c-11cf2c631ff8",
      "@type": "Person",
      "name": "Alexandre Cormier"
    }
  ]
}