{
  "@context": "https://w3id.org/ro/crate/1.1/context",
  "@graph": [
    {
      "@id": "ro-crate-metadata.json",
      "@type": "CreativeWork",
      "about": {
        "@id": "./"
      },
      "conformsTo": [
        {
          "@id": "https://w3id.org/ro/crate/1.1"
        },
        {
          "@id": "https://about.workflowhub.eu/Workflow-RO-Crate/"
        }
      ]
    },
    {
      "@id": "./",
      "@type": "Dataset",
      "datePublished": "2023-12-08T00:59:47.594+00:00",
      "mainEntity": {
        "@id": "main_workflow.ga"
      }
    },
    {
      "@id": "main_workflow.ga",
      "@type": [
        "File",
        "SoftwareSourceCode",
        "ComputationalWorkflow"
      ],
      "author": [
        {
          "@id": "#2e0d19a5-8383-4c7d-a97b-f53d6f0d18d1"
        },
        {
          "@id": "#9e881437-a464-4e0c-9f56-0ccf2826188d"
        },
        {
          "@id": "#3624a51f-8316-4a9b-bf13-f3a1badd09e7"
        },
        {
          "@id": "#ab0c8414-8443-41e0-93fb-177ed7d2b482"
        }
      ],
      "license": {
        "@id": "https://spdx.org/licenses/GPL-3.0-or-later"
      },
      "name": "Genome Assembly using PacBio data",
      "version": 4,
      "programmingLanguage": {
        "@id": "https://w3id.org/workflowhub/workflow-ro-crate#galaxy"
      }
    },
    {
      "@id": "https://spdx.org/licenses/GPL-3.0-or-later",
      "@type": "CreativeWork",
      "name": "GPL-3.0-or-later"
    },
    {
      "@id": "https://w3id.org/workflowhub/workflow-ro-crate#galaxy",
      "@type": "ComputerLanguage",
      "identifier": {
        "@id": "https://galaxyproject.org/"
      },
      "name": "Galaxy",
      "url": {
        "@id": "https://galaxyproject.org/"
      },
      "version": "23.1"
    },
    {
      "@id": "#2e0d19a5-8383-4c7d-a97b-f53d6f0d18d1",
      "@type": "Person",
      "name": "Erwan Corre"
    },
    {
      "@id": "#9e881437-a464-4e0c-9f56-0ccf2826188d",
      "@type": "Person",
      "name": "Stéphanie Robin"
    },
    {
      "@id": "#3624a51f-8316-4a9b-bf13-f3a1badd09e7",
      "@type": "Person",
      "name": "Anthony Bretaudeau"
    },
    {
      "@id": "#ab0c8414-8443-41e0-93fb-177ed7d2b482",
      "@type": "Person",
      "name": "Alexandre Cormier"
    }
  ]
}