{
  "@context": "https://w3id.org/ro/crate/1.1/context",
  "@graph": [
    {
      "@id": "ro-crate-metadata.json",
      "@type": "CreativeWork",
      "about": {
        "@id": "./"
      },
      "conformsTo": [
        {
          "@id": "https://w3id.org/ro/crate/1.1"
        },
        {
          "@id": "https://about.workflowhub.eu/Workflow-RO-Crate/"
        }
      ]
    },
    {
      "@id": "./",
      "@type": "Dataset",
      "datePublished": "2023-12-02T00:52:52.794+00:00",
      "mainEntity": {
        "@id": "main_workflow.ga"
      }
    },
    {
      "@id": "main_workflow.ga",
      "@type": [
        "File",
        "SoftwareSourceCode",
        "ComputationalWorkflow"
      ],
      "author": [
        {
          "@id": "#65db8af2-7872-4efa-9e3a-cd3e8a50676c"
        },
        {
          "@id": "#1a23e9d2-66e8-43a2-80d1-9d415dbb07ee"
        },
        {
          "@id": "#5416ed19-8091-48dc-95fd-c65ff13f43b1"
        },
        {
          "@id": "#878b2a91-4b46-4132-becc-129f3a2927b0"
        }
      ],
      "license": {
        "@id": "https://spdx.org/licenses/GPL-3.0-or-later"
      },
      "name": "Genome Assembly using PacBio data",
      "version": 4,
      "programmingLanguage": {
        "@id": "https://w3id.org/workflowhub/workflow-ro-crate#galaxy"
      }
    },
    {
      "@id": "https://spdx.org/licenses/GPL-3.0-or-later",
      "@type": "CreativeWork",
      "name": "GPL-3.0-or-later"
    },
    {
      "@id": "https://w3id.org/workflowhub/workflow-ro-crate#galaxy",
      "@type": "ComputerLanguage",
      "identifier": {
        "@id": "https://galaxyproject.org/"
      },
      "name": "Galaxy",
      "url": {
        "@id": "https://galaxyproject.org/"
      },
      "version": "23.1"
    },
    {
      "@id": "#65db8af2-7872-4efa-9e3a-cd3e8a50676c",
      "@type": "Person",
      "name": "Erwan Corre"
    },
    {
      "@id": "#1a23e9d2-66e8-43a2-80d1-9d415dbb07ee",
      "@type": "Person",
      "name": "Stéphanie Robin"
    },
    {
      "@id": "#5416ed19-8091-48dc-95fd-c65ff13f43b1",
      "@type": "Person",
      "name": "Anthony Bretaudeau"
    },
    {
      "@id": "#878b2a91-4b46-4132-becc-129f3a2927b0",
      "@type": "Person",
      "name": "Alexandre Cormier"
    }
  ]
}