{
  "@context": "https://w3id.org/ro/crate/1.1/context",
  "@graph": [
    {
      "@id": "ro-crate-metadata.json",
      "@type": "CreativeWork",
      "about": {
        "@id": "./"
      },
      "conformsTo": [
        {
          "@id": "https://w3id.org/ro/crate/1.1"
        },
        {
          "@id": "https://about.workflowhub.eu/Workflow-RO-Crate/"
        }
      ]
    },
    {
      "@id": "./",
      "@type": "Dataset",
      "datePublished": "2023-11-17T00:54:11.090+00:00",
      "mainEntity": {
        "@id": "main_workflow.ga"
      }
    },
    {
      "@id": "main_workflow.ga",
      "@type": [
        "File",
        "SoftwareSourceCode",
        "ComputationalWorkflow"
      ],
      "author": [
        {
          "@id": "#e42a6a10-b112-4bb6-8e36-76a5731a5418"
        },
        {
          "@id": "#52d55521-0e14-4a10-8845-0f92506b9845"
        },
        {
          "@id": "#aa05ce4c-5731-440a-93b4-950c958e957a"
        },
        {
          "@id": "#e3423b06-b7c5-4647-9ed3-a03e8042abaf"
        }
      ],
      "license": {
        "@id": "https://spdx.org/licenses/GPL-3.0-or-later"
      },
      "name": "Genome Assembly using PacBio data",
      "version": 4,
      "programmingLanguage": {
        "@id": "https://w3id.org/workflowhub/workflow-ro-crate#galaxy"
      }
    },
    {
      "@id": "https://spdx.org/licenses/GPL-3.0-or-later",
      "@type": "CreativeWork",
      "name": "GPL-3.0-or-later"
    },
    {
      "@id": "https://w3id.org/workflowhub/workflow-ro-crate#galaxy",
      "@type": "ComputerLanguage",
      "identifier": {
        "@id": "https://galaxyproject.org/"
      },
      "name": "Galaxy",
      "url": {
        "@id": "https://galaxyproject.org/"
      },
      "version": "23.1"
    },
    {
      "@id": "#e42a6a10-b112-4bb6-8e36-76a5731a5418",
      "@type": "Person",
      "name": "Erwan Corre"
    },
    {
      "@id": "#52d55521-0e14-4a10-8845-0f92506b9845",
      "@type": "Person",
      "name": "Stéphanie Robin"
    },
    {
      "@id": "#aa05ce4c-5731-440a-93b4-950c958e957a",
      "@type": "Person",
      "name": "Anthony Bretaudeau"
    },
    {
      "@id": "#e3423b06-b7c5-4647-9ed3-a03e8042abaf",
      "@type": "Person",
      "name": "Alexandre Cormier"
    }
  ]
}