{
  "@context": "https://w3id.org/ro/crate/1.1/context",
  "@graph": [
    {
      "@id": "ro-crate-metadata.json",
      "@type": "CreativeWork",
      "about": {
        "@id": "./"
      },
      "conformsTo": [
        {
          "@id": "https://w3id.org/ro/crate/1.1"
        },
        {
          "@id": "https://about.workflowhub.eu/Workflow-RO-Crate/"
        }
      ]
    },
    {
      "@id": "./",
      "@type": "Dataset",
      "datePublished": "2023-11-05T00:55:07.176+00:00",
      "mainEntity": {
        "@id": "main_workflow.ga"
      }
    },
    {
      "@id": "main_workflow.ga",
      "@type": [
        "File",
        "SoftwareSourceCode",
        "ComputationalWorkflow"
      ],
      "author": [
        {
          "@id": "#5b124b22-7e90-44b1-91a1-230bc049fafe"
        },
        {
          "@id": "#87549fef-f5be-458b-8fe7-f7d67c38765a"
        },
        {
          "@id": "#d21260ac-398f-4382-8132-c3d8a794d626"
        },
        {
          "@id": "#d242514b-daf6-49cf-84f8-6a3a56f499bc"
        }
      ],
      "license": {
        "@id": "https://spdx.org/licenses/GPL-3.0-or-later"
      },
      "name": "Genome Assembly using PacBio data",
      "version": 4,
      "programmingLanguage": {
        "@id": "https://w3id.org/workflowhub/workflow-ro-crate#galaxy"
      }
    },
    {
      "@id": "https://spdx.org/licenses/GPL-3.0-or-later",
      "@type": "CreativeWork",
      "name": "GPL-3.0-or-later"
    },
    {
      "@id": "https://w3id.org/workflowhub/workflow-ro-crate#galaxy",
      "@type": "ComputerLanguage",
      "identifier": {
        "@id": "https://galaxyproject.org/"
      },
      "name": "Galaxy",
      "url": {
        "@id": "https://galaxyproject.org/"
      },
      "version": "23.1"
    },
    {
      "@id": "#5b124b22-7e90-44b1-91a1-230bc049fafe",
      "@type": "Person",
      "name": "Erwan Corre"
    },
    {
      "@id": "#87549fef-f5be-458b-8fe7-f7d67c38765a",
      "@type": "Person",
      "name": "Stéphanie Robin"
    },
    {
      "@id": "#d21260ac-398f-4382-8132-c3d8a794d626",
      "@type": "Person",
      "name": "Anthony Bretaudeau"
    },
    {
      "@id": "#d242514b-daf6-49cf-84f8-6a3a56f499bc",
      "@type": "Person",
      "name": "Alexandre Cormier"
    }
  ]
}