{
  "@context": "https://w3id.org/ro/crate/1.1/context",
  "@graph": [
    {
      "@id": "ro-crate-metadata.json",
      "@type": "CreativeWork",
      "about": {
        "@id": "./"
      },
      "conformsTo": [
        {
          "@id": "https://w3id.org/ro/crate/1.1"
        },
        {
          "@id": "https://about.workflowhub.eu/Workflow-RO-Crate/"
        }
      ]
    },
    {
      "@id": "./",
      "@type": "Dataset",
      "datePublished": "2023-11-28T00:54:37.870+00:00",
      "mainEntity": {
        "@id": "main_workflow.ga"
      }
    },
    {
      "@id": "main_workflow.ga",
      "@type": [
        "File",
        "SoftwareSourceCode",
        "ComputationalWorkflow"
      ],
      "author": [
        {
          "@id": "#503dab6a-10e1-4520-846d-59f55372b54e"
        },
        {
          "@id": "#621d5039-7259-4639-9be0-dce0ed0b0571"
        },
        {
          "@id": "#b5cbc59f-ab38-41ae-9c25-057e4100aca2"
        },
        {
          "@id": "#cf019ddc-4b5b-4d7d-bbfd-27a2b0c43e94"
        }
      ],
      "license": {
        "@id": "https://spdx.org/licenses/GPL-3.0-or-later"
      },
      "name": "Genome Assembly using PacBio data",
      "version": 4,
      "programmingLanguage": {
        "@id": "https://w3id.org/workflowhub/workflow-ro-crate#galaxy"
      }
    },
    {
      "@id": "https://spdx.org/licenses/GPL-3.0-or-later",
      "@type": "CreativeWork",
      "name": "GPL-3.0-or-later"
    },
    {
      "@id": "https://w3id.org/workflowhub/workflow-ro-crate#galaxy",
      "@type": "ComputerLanguage",
      "identifier": {
        "@id": "https://galaxyproject.org/"
      },
      "name": "Galaxy",
      "url": {
        "@id": "https://galaxyproject.org/"
      },
      "version": "23.1"
    },
    {
      "@id": "#503dab6a-10e1-4520-846d-59f55372b54e",
      "@type": "Person",
      "name": "Erwan Corre"
    },
    {
      "@id": "#621d5039-7259-4639-9be0-dce0ed0b0571",
      "@type": "Person",
      "name": "Stéphanie Robin"
    },
    {
      "@id": "#b5cbc59f-ab38-41ae-9c25-057e4100aca2",
      "@type": "Person",
      "name": "Anthony Bretaudeau"
    },
    {
      "@id": "#cf019ddc-4b5b-4d7d-bbfd-27a2b0c43e94",
      "@type": "Person",
      "name": "Alexandre Cormier"
    }
  ]
}