{
  "@context": "https://w3id.org/ro/crate/1.1/context",
  "@graph": [
    {
      "@id": "ro-crate-metadata.json",
      "@type": "CreativeWork",
      "about": {
        "@id": "./"
      },
      "conformsTo": [
        {
          "@id": "https://w3id.org/ro/crate/1.1"
        },
        {
          "@id": "https://about.workflowhub.eu/Workflow-RO-Crate/"
        }
      ]
    },
    {
      "@id": "./",
      "@type": "Dataset",
      "datePublished": "2023-11-25T00:51:23.565+00:00",
      "mainEntity": {
        "@id": "main_workflow.ga"
      }
    },
    {
      "@id": "main_workflow.ga",
      "@type": [
        "File",
        "SoftwareSourceCode",
        "ComputationalWorkflow"
      ],
      "author": [
        {
          "@id": "#6944fd07-b841-42e0-bc4c-745040710b58"
        },
        {
          "@id": "#ebf60ffa-6697-4c3c-a8f6-5f09bbf07cfb"
        },
        {
          "@id": "#6d994564-2af8-4b05-8de2-4adff2d1b336"
        },
        {
          "@id": "#c410351b-802a-45dc-8d47-b7572620b5fe"
        }
      ],
      "license": {
        "@id": "https://spdx.org/licenses/GPL-3.0-or-later"
      },
      "name": "Genome Assembly using PacBio data",
      "version": 4,
      "programmingLanguage": {
        "@id": "https://w3id.org/workflowhub/workflow-ro-crate#galaxy"
      }
    },
    {
      "@id": "https://spdx.org/licenses/GPL-3.0-or-later",
      "@type": "CreativeWork",
      "name": "GPL-3.0-or-later"
    },
    {
      "@id": "https://w3id.org/workflowhub/workflow-ro-crate#galaxy",
      "@type": "ComputerLanguage",
      "identifier": {
        "@id": "https://galaxyproject.org/"
      },
      "name": "Galaxy",
      "url": {
        "@id": "https://galaxyproject.org/"
      },
      "version": "23.1"
    },
    {
      "@id": "#6944fd07-b841-42e0-bc4c-745040710b58",
      "@type": "Person",
      "name": "Erwan Corre"
    },
    {
      "@id": "#ebf60ffa-6697-4c3c-a8f6-5f09bbf07cfb",
      "@type": "Person",
      "name": "Stéphanie Robin"
    },
    {
      "@id": "#6d994564-2af8-4b05-8de2-4adff2d1b336",
      "@type": "Person",
      "name": "Anthony Bretaudeau"
    },
    {
      "@id": "#c410351b-802a-45dc-8d47-b7572620b5fe",
      "@type": "Person",
      "name": "Alexandre Cormier"
    }
  ]
}