{
  "@context": "https://w3id.org/ro/crate/1.1/context",
  "@graph": [
    {
      "@id": "ro-crate-metadata.json",
      "@type": "CreativeWork",
      "about": {
        "@id": "./"
      },
      "conformsTo": [
        {
          "@id": "https://w3id.org/ro/crate/1.1"
        },
        {
          "@id": "https://about.workflowhub.eu/Workflow-RO-Crate/"
        }
      ]
    },
    {
      "@id": "./",
      "@type": "Dataset",
      "datePublished": "2023-11-12T00:56:33.015+00:00",
      "mainEntity": {
        "@id": "main_workflow.ga"
      }
    },
    {
      "@id": "main_workflow.ga",
      "@type": [
        "File",
        "SoftwareSourceCode",
        "ComputationalWorkflow"
      ],
      "author": [
        {
          "@id": "#6a5bde44-5383-477b-8845-9b0d05e36b92"
        },
        {
          "@id": "#3a884bac-d058-458a-abac-02bd3a5b2bf0"
        },
        {
          "@id": "#3d931978-c575-4966-ba51-6944fe3d67ae"
        },
        {
          "@id": "#b4ec0e90-89b8-40b2-b9f6-8fb6a8c68a2b"
        }
      ],
      "license": {
        "@id": "https://spdx.org/licenses/GPL-3.0-or-later"
      },
      "name": "Genome Assembly using PacBio data",
      "version": 4,
      "programmingLanguage": {
        "@id": "https://w3id.org/workflowhub/workflow-ro-crate#galaxy"
      }
    },
    {
      "@id": "https://spdx.org/licenses/GPL-3.0-or-later",
      "@type": "CreativeWork",
      "name": "GPL-3.0-or-later"
    },
    {
      "@id": "https://w3id.org/workflowhub/workflow-ro-crate#galaxy",
      "@type": "ComputerLanguage",
      "identifier": {
        "@id": "https://galaxyproject.org/"
      },
      "name": "Galaxy",
      "url": {
        "@id": "https://galaxyproject.org/"
      },
      "version": "23.1"
    },
    {
      "@id": "#6a5bde44-5383-477b-8845-9b0d05e36b92",
      "@type": "Person",
      "name": "Erwan Corre"
    },
    {
      "@id": "#3a884bac-d058-458a-abac-02bd3a5b2bf0",
      "@type": "Person",
      "name": "Stéphanie Robin"
    },
    {
      "@id": "#3d931978-c575-4966-ba51-6944fe3d67ae",
      "@type": "Person",
      "name": "Anthony Bretaudeau"
    },
    {
      "@id": "#b4ec0e90-89b8-40b2-b9f6-8fb6a8c68a2b",
      "@type": "Person",
      "name": "Alexandre Cormier"
    }
  ]
}