{
  "@context": "https://w3id.org/ro/crate/1.1/context",
  "@graph": [
    {
      "@id": "ro-crate-metadata.json",
      "@type": "CreativeWork",
      "about": {
        "@id": "./"
      },
      "conformsTo": [
        {
          "@id": "https://w3id.org/ro/crate/1.1"
        },
        {
          "@id": "https://about.workflowhub.eu/Workflow-RO-Crate/"
        }
      ]
    },
    {
      "@id": "./",
      "@type": "Dataset",
      "datePublished": "2023-11-14T00:52:17.830+00:00",
      "mainEntity": {
        "@id": "main_workflow.ga"
      }
    },
    {
      "@id": "main_workflow.ga",
      "@type": [
        "File",
        "SoftwareSourceCode",
        "ComputationalWorkflow"
      ],
      "author": [
        {
          "@id": "#f35bb907-c1ee-443b-b5c8-e6f2f2401a32"
        },
        {
          "@id": "#db57b936-9668-4465-b633-660da4565122"
        },
        {
          "@id": "#5d558a9b-8c2e-4740-ae7f-b0b55225e5af"
        },
        {
          "@id": "#d07aecb0-018c-430c-8486-c4b1fe26a574"
        }
      ],
      "license": {
        "@id": "https://spdx.org/licenses/GPL-3.0-or-later"
      },
      "name": "Genome Assembly using PacBio data",
      "version": 4,
      "programmingLanguage": {
        "@id": "https://w3id.org/workflowhub/workflow-ro-crate#galaxy"
      }
    },
    {
      "@id": "https://spdx.org/licenses/GPL-3.0-or-later",
      "@type": "CreativeWork",
      "name": "GPL-3.0-or-later"
    },
    {
      "@id": "https://w3id.org/workflowhub/workflow-ro-crate#galaxy",
      "@type": "ComputerLanguage",
      "identifier": {
        "@id": "https://galaxyproject.org/"
      },
      "name": "Galaxy",
      "url": {
        "@id": "https://galaxyproject.org/"
      },
      "version": "23.1"
    },
    {
      "@id": "#f35bb907-c1ee-443b-b5c8-e6f2f2401a32",
      "@type": "Person",
      "name": "Erwan Corre"
    },
    {
      "@id": "#db57b936-9668-4465-b633-660da4565122",
      "@type": "Person",
      "name": "Stéphanie Robin"
    },
    {
      "@id": "#5d558a9b-8c2e-4740-ae7f-b0b55225e5af",
      "@type": "Person",
      "name": "Anthony Bretaudeau"
    },
    {
      "@id": "#d07aecb0-018c-430c-8486-c4b1fe26a574",
      "@type": "Person",
      "name": "Alexandre Cormier"
    }
  ]
}