{
  "@context": "https://w3id.org/ro/crate/1.1/context",
  "@graph": [
    {
      "@id": "ro-crate-metadata.json",
      "@type": "CreativeWork",
      "about": {
        "@id": "./"
      },
      "conformsTo": [
        {
          "@id": "https://w3id.org/ro/crate/1.1"
        },
        {
          "@id": "https://about.workflowhub.eu/Workflow-RO-Crate/"
        }
      ]
    },
    {
      "@id": "./",
      "@type": "Dataset",
      "datePublished": "2023-11-24T00:53:46.230+00:00",
      "mainEntity": {
        "@id": "main_workflow.ga"
      }
    },
    {
      "@id": "main_workflow.ga",
      "@type": [
        "File",
        "SoftwareSourceCode",
        "ComputationalWorkflow"
      ],
      "author": [
        {
          "@id": "#2ad53071-228a-453f-af89-a5cddebb184e"
        },
        {
          "@id": "#ea35c585-a259-451a-b2ce-9b9d840e0d59"
        },
        {
          "@id": "#817e18de-c8d4-4a21-84c0-a636f284017d"
        },
        {
          "@id": "#1668d178-39cd-4e44-bf04-39f984c05368"
        }
      ],
      "license": {
        "@id": "https://spdx.org/licenses/GPL-3.0-or-later"
      },
      "name": "Genome Assembly using PacBio data",
      "version": 4,
      "programmingLanguage": {
        "@id": "https://w3id.org/workflowhub/workflow-ro-crate#galaxy"
      }
    },
    {
      "@id": "https://spdx.org/licenses/GPL-3.0-or-later",
      "@type": "CreativeWork",
      "name": "GPL-3.0-or-later"
    },
    {
      "@id": "https://w3id.org/workflowhub/workflow-ro-crate#galaxy",
      "@type": "ComputerLanguage",
      "identifier": {
        "@id": "https://galaxyproject.org/"
      },
      "name": "Galaxy",
      "url": {
        "@id": "https://galaxyproject.org/"
      },
      "version": "23.1"
    },
    {
      "@id": "#2ad53071-228a-453f-af89-a5cddebb184e",
      "@type": "Person",
      "name": "Erwan Corre"
    },
    {
      "@id": "#ea35c585-a259-451a-b2ce-9b9d840e0d59",
      "@type": "Person",
      "name": "Stéphanie Robin"
    },
    {
      "@id": "#817e18de-c8d4-4a21-84c0-a636f284017d",
      "@type": "Person",
      "name": "Anthony Bretaudeau"
    },
    {
      "@id": "#1668d178-39cd-4e44-bf04-39f984c05368",
      "@type": "Person",
      "name": "Alexandre Cormier"
    }
  ]
}