{
  "@context": "https://w3id.org/ro/crate/1.1/context",
  "@graph": [
    {
      "@id": "ro-crate-metadata.json",
      "@type": "CreativeWork",
      "about": {
        "@id": "./"
      },
      "conformsTo": [
        {
          "@id": "https://w3id.org/ro/crate/1.1"
        },
        {
          "@id": "https://about.workflowhub.eu/Workflow-RO-Crate/"
        }
      ]
    },
    {
      "@id": "./",
      "@type": "Dataset",
      "datePublished": "2023-11-07T00:52:46.268+00:00",
      "mainEntity": {
        "@id": "main_workflow.ga"
      }
    },
    {
      "@id": "main_workflow.ga",
      "@type": [
        "File",
        "SoftwareSourceCode",
        "ComputationalWorkflow"
      ],
      "author": [
        {
          "@id": "#bce92699-4c5b-4fe6-acae-0196b976eed9"
        },
        {
          "@id": "#09d7aa7c-aa82-44a6-aa13-d2c7b2131c43"
        },
        {
          "@id": "#0d25120b-9a7d-41b0-8e73-6c219f8967ea"
        },
        {
          "@id": "#c28735ef-1d31-4fd9-88cc-139088b396ee"
        }
      ],
      "license": {
        "@id": "https://spdx.org/licenses/GPL-3.0-or-later"
      },
      "name": "Genome Assembly using PacBio data",
      "version": 4,
      "programmingLanguage": {
        "@id": "https://w3id.org/workflowhub/workflow-ro-crate#galaxy"
      }
    },
    {
      "@id": "https://spdx.org/licenses/GPL-3.0-or-later",
      "@type": "CreativeWork",
      "name": "GPL-3.0-or-later"
    },
    {
      "@id": "https://w3id.org/workflowhub/workflow-ro-crate#galaxy",
      "@type": "ComputerLanguage",
      "identifier": {
        "@id": "https://galaxyproject.org/"
      },
      "name": "Galaxy",
      "url": {
        "@id": "https://galaxyproject.org/"
      },
      "version": "23.1"
    },
    {
      "@id": "#bce92699-4c5b-4fe6-acae-0196b976eed9",
      "@type": "Person",
      "name": "Erwan Corre"
    },
    {
      "@id": "#09d7aa7c-aa82-44a6-aa13-d2c7b2131c43",
      "@type": "Person",
      "name": "Stéphanie Robin"
    },
    {
      "@id": "#0d25120b-9a7d-41b0-8e73-6c219f8967ea",
      "@type": "Person",
      "name": "Anthony Bretaudeau"
    },
    {
      "@id": "#c28735ef-1d31-4fd9-88cc-139088b396ee",
      "@type": "Person",
      "name": "Alexandre Cormier"
    }
  ]
}