{
  "@context": "https://w3id.org/ro/crate/1.1/context",
  "@graph": [
    {
      "@id": "ro-crate-metadata.json",
      "@type": "CreativeWork",
      "about": {
        "@id": "./"
      },
      "conformsTo": [
        {
          "@id": "https://w3id.org/ro/crate/1.1"
        },
        {
          "@id": "https://about.workflowhub.eu/Workflow-RO-Crate/"
        }
      ]
    },
    {
      "@id": "./",
      "@type": "Dataset",
      "datePublished": "2023-12-10T00:57:52.409+00:00",
      "mainEntity": {
        "@id": "main_workflow.ga"
      }
    },
    {
      "@id": "main_workflow.ga",
      "@type": [
        "File",
        "SoftwareSourceCode",
        "ComputationalWorkflow"
      ],
      "author": [
        {
          "@id": "#b084c006-e4b4-47e7-9e1e-65adcf8e2ebe"
        },
        {
          "@id": "#8e053465-b4c7-49ff-899e-4911b4501699"
        },
        {
          "@id": "#7dcad30c-7bf5-4562-bbba-33f2d3012ed1"
        },
        {
          "@id": "#6f648003-ce2a-4c38-abfa-ef5929eabd94"
        }
      ],
      "license": {
        "@id": "https://spdx.org/licenses/GPL-3.0-or-later"
      },
      "name": "Genome Assembly using PacBio data",
      "version": 4,
      "programmingLanguage": {
        "@id": "https://w3id.org/workflowhub/workflow-ro-crate#galaxy"
      }
    },
    {
      "@id": "https://spdx.org/licenses/GPL-3.0-or-later",
      "@type": "CreativeWork",
      "name": "GPL-3.0-or-later"
    },
    {
      "@id": "https://w3id.org/workflowhub/workflow-ro-crate#galaxy",
      "@type": "ComputerLanguage",
      "identifier": {
        "@id": "https://galaxyproject.org/"
      },
      "name": "Galaxy",
      "url": {
        "@id": "https://galaxyproject.org/"
      },
      "version": "23.1"
    },
    {
      "@id": "#b084c006-e4b4-47e7-9e1e-65adcf8e2ebe",
      "@type": "Person",
      "name": "Erwan Corre"
    },
    {
      "@id": "#8e053465-b4c7-49ff-899e-4911b4501699",
      "@type": "Person",
      "name": "Stéphanie Robin"
    },
    {
      "@id": "#7dcad30c-7bf5-4562-bbba-33f2d3012ed1",
      "@type": "Person",
      "name": "Anthony Bretaudeau"
    },
    {
      "@id": "#6f648003-ce2a-4c38-abfa-ef5929eabd94",
      "@type": "Person",
      "name": "Alexandre Cormier"
    }
  ]
}