{
  "@context": "https://w3id.org/ro/crate/1.1/context",
  "@graph": [
    {
      "@id": "ro-crate-metadata.json",
      "@type": "CreativeWork",
      "about": {
        "@id": "./"
      },
      "conformsTo": [
        {
          "@id": "https://w3id.org/ro/crate/1.1"
        },
        {
          "@id": "https://about.workflowhub.eu/Workflow-RO-Crate/"
        }
      ]
    },
    {
      "@id": "./",
      "@type": "Dataset",
      "datePublished": "2023-12-07T00:54:19.358+00:00",
      "mainEntity": {
        "@id": "main_workflow.ga"
      }
    },
    {
      "@id": "main_workflow.ga",
      "@type": [
        "File",
        "SoftwareSourceCode",
        "ComputationalWorkflow"
      ],
      "author": [
        {
          "@id": "#c0bb088e-73a3-49af-9ddf-8791661b8872"
        },
        {
          "@id": "#af6b2383-bf31-41e9-b34e-cfbc30f54cad"
        },
        {
          "@id": "#36830c9e-12da-4d92-bc9d-3ca995013366"
        },
        {
          "@id": "#a41db560-297b-47e8-952a-6175955afd66"
        }
      ],
      "license": {
        "@id": "https://spdx.org/licenses/GPL-3.0-or-later"
      },
      "name": "Genome Assembly using PacBio data",
      "version": 4,
      "programmingLanguage": {
        "@id": "https://w3id.org/workflowhub/workflow-ro-crate#galaxy"
      }
    },
    {
      "@id": "https://spdx.org/licenses/GPL-3.0-or-later",
      "@type": "CreativeWork",
      "name": "GPL-3.0-or-later"
    },
    {
      "@id": "https://w3id.org/workflowhub/workflow-ro-crate#galaxy",
      "@type": "ComputerLanguage",
      "identifier": {
        "@id": "https://galaxyproject.org/"
      },
      "name": "Galaxy",
      "url": {
        "@id": "https://galaxyproject.org/"
      },
      "version": "23.1"
    },
    {
      "@id": "#c0bb088e-73a3-49af-9ddf-8791661b8872",
      "@type": "Person",
      "name": "Erwan Corre"
    },
    {
      "@id": "#af6b2383-bf31-41e9-b34e-cfbc30f54cad",
      "@type": "Person",
      "name": "Stéphanie Robin"
    },
    {
      "@id": "#36830c9e-12da-4d92-bc9d-3ca995013366",
      "@type": "Person",
      "name": "Anthony Bretaudeau"
    },
    {
      "@id": "#a41db560-297b-47e8-952a-6175955afd66",
      "@type": "Person",
      "name": "Alexandre Cormier"
    }
  ]
}