{
  "@context": "https://w3id.org/ro/crate/1.1/context",
  "@graph": [
    {
      "@id": "ro-crate-metadata.json",
      "@type": "CreativeWork",
      "about": {
        "@id": "./"
      },
      "conformsTo": [
        {
          "@id": "https://w3id.org/ro/crate/1.1"
        },
        {
          "@id": "https://about.workflowhub.eu/Workflow-RO-Crate/"
        }
      ]
    },
    {
      "@id": "./",
      "@type": "Dataset",
      "datePublished": "2023-11-19T00:58:15.972+00:00",
      "mainEntity": {
        "@id": "main_workflow.ga"
      }
    },
    {
      "@id": "main_workflow.ga",
      "@type": [
        "File",
        "SoftwareSourceCode",
        "ComputationalWorkflow"
      ],
      "author": [
        {
          "@id": "#7387e57a-5f78-4811-bf6d-b79699ea376d"
        },
        {
          "@id": "#385b6ee2-3cfc-4cb8-b051-5d8f371a203c"
        },
        {
          "@id": "#5ea852b0-a0e7-4ecd-aa74-cd63097b113f"
        },
        {
          "@id": "#3ee8ea95-2eea-40aa-b305-cb9373744ffa"
        }
      ],
      "license": {
        "@id": "https://spdx.org/licenses/GPL-3.0-or-later"
      },
      "name": "Genome Assembly using PacBio data",
      "version": 4,
      "programmingLanguage": {
        "@id": "https://w3id.org/workflowhub/workflow-ro-crate#galaxy"
      }
    },
    {
      "@id": "https://spdx.org/licenses/GPL-3.0-or-later",
      "@type": "CreativeWork",
      "name": "GPL-3.0-or-later"
    },
    {
      "@id": "https://w3id.org/workflowhub/workflow-ro-crate#galaxy",
      "@type": "ComputerLanguage",
      "identifier": {
        "@id": "https://galaxyproject.org/"
      },
      "name": "Galaxy",
      "url": {
        "@id": "https://galaxyproject.org/"
      },
      "version": "23.1"
    },
    {
      "@id": "#7387e57a-5f78-4811-bf6d-b79699ea376d",
      "@type": "Person",
      "name": "Erwan Corre"
    },
    {
      "@id": "#385b6ee2-3cfc-4cb8-b051-5d8f371a203c",
      "@type": "Person",
      "name": "Stéphanie Robin"
    },
    {
      "@id": "#5ea852b0-a0e7-4ecd-aa74-cd63097b113f",
      "@type": "Person",
      "name": "Anthony Bretaudeau"
    },
    {
      "@id": "#3ee8ea95-2eea-40aa-b305-cb9373744ffa",
      "@type": "Person",
      "name": "Alexandre Cormier"
    }
  ]
}