{
  "@context": "https://w3id.org/ro/crate/1.1/context",
  "@graph": [
    {
      "@id": "ro-crate-metadata.json",
      "@type": "CreativeWork",
      "about": {
        "@id": "./"
      },
      "conformsTo": [
        {
          "@id": "https://w3id.org/ro/crate/1.1"
        },
        {
          "@id": "https://about.workflowhub.eu/Workflow-RO-Crate/"
        }
      ]
    },
    {
      "@id": "./",
      "@type": "Dataset",
      "datePublished": "2023-11-23T00:53:51.261+00:00",
      "mainEntity": {
        "@id": "main_workflow.ga"
      }
    },
    {
      "@id": "main_workflow.ga",
      "@type": [
        "File",
        "SoftwareSourceCode",
        "ComputationalWorkflow"
      ],
      "author": [
        {
          "@id": "#e96c7d58-ac2a-4694-95c4-9330f15c15ba"
        },
        {
          "@id": "#e2ea0e52-f059-418f-b0f8-fd0b9901c8da"
        },
        {
          "@id": "#48bfffe4-aa93-48c6-8757-9777983bf5d8"
        },
        {
          "@id": "#c9f7af92-ea27-41c6-bb3a-747c10d165c5"
        }
      ],
      "license": {
        "@id": "https://spdx.org/licenses/GPL-3.0-or-later"
      },
      "name": "Genome Assembly using PacBio data",
      "version": 4,
      "programmingLanguage": {
        "@id": "https://w3id.org/workflowhub/workflow-ro-crate#galaxy"
      }
    },
    {
      "@id": "https://spdx.org/licenses/GPL-3.0-or-later",
      "@type": "CreativeWork",
      "name": "GPL-3.0-or-later"
    },
    {
      "@id": "https://w3id.org/workflowhub/workflow-ro-crate#galaxy",
      "@type": "ComputerLanguage",
      "identifier": {
        "@id": "https://galaxyproject.org/"
      },
      "name": "Galaxy",
      "url": {
        "@id": "https://galaxyproject.org/"
      },
      "version": "23.1"
    },
    {
      "@id": "#e96c7d58-ac2a-4694-95c4-9330f15c15ba",
      "@type": "Person",
      "name": "Erwan Corre"
    },
    {
      "@id": "#e2ea0e52-f059-418f-b0f8-fd0b9901c8da",
      "@type": "Person",
      "name": "Stéphanie Robin"
    },
    {
      "@id": "#48bfffe4-aa93-48c6-8757-9777983bf5d8",
      "@type": "Person",
      "name": "Anthony Bretaudeau"
    },
    {
      "@id": "#c9f7af92-ea27-41c6-bb3a-747c10d165c5",
      "@type": "Person",
      "name": "Alexandre Cormier"
    }
  ]
}