{
  "@context": "https://w3id.org/ro/crate/1.1/context",
  "@graph": [
    {
      "@id": "ro-crate-metadata.json",
      "@type": "CreativeWork",
      "about": {
        "@id": "./"
      },
      "conformsTo": [
        {
          "@id": "https://w3id.org/ro/crate/1.1"
        },
        {
          "@id": "https://about.workflowhub.eu/Workflow-RO-Crate/"
        }
      ]
    },
    {
      "@id": "./",
      "@type": "Dataset",
      "datePublished": "2023-11-10T00:53:14.708+00:00",
      "mainEntity": {
        "@id": "main_workflow.ga"
      }
    },
    {
      "@id": "main_workflow.ga",
      "@type": [
        "File",
        "SoftwareSourceCode",
        "ComputationalWorkflow"
      ],
      "author": [
        {
          "@id": "#f1a12ae9-f26e-44d0-9931-f8553da0d43d"
        },
        {
          "@id": "#89757cec-fea7-4ed3-a55b-ac967c0145c6"
        },
        {
          "@id": "#271c8ae3-96ff-4016-80b9-88bfd2b13917"
        },
        {
          "@id": "#21792759-27e2-4467-bf89-0d1f148219ac"
        }
      ],
      "license": {
        "@id": "https://spdx.org/licenses/GPL-3.0-or-later"
      },
      "name": "Genome Assembly using PacBio data",
      "version": 4,
      "programmingLanguage": {
        "@id": "https://w3id.org/workflowhub/workflow-ro-crate#galaxy"
      }
    },
    {
      "@id": "https://spdx.org/licenses/GPL-3.0-or-later",
      "@type": "CreativeWork",
      "name": "GPL-3.0-or-later"
    },
    {
      "@id": "https://w3id.org/workflowhub/workflow-ro-crate#galaxy",
      "@type": "ComputerLanguage",
      "identifier": {
        "@id": "https://galaxyproject.org/"
      },
      "name": "Galaxy",
      "url": {
        "@id": "https://galaxyproject.org/"
      },
      "version": "23.1"
    },
    {
      "@id": "#f1a12ae9-f26e-44d0-9931-f8553da0d43d",
      "@type": "Person",
      "name": "Erwan Corre"
    },
    {
      "@id": "#89757cec-fea7-4ed3-a55b-ac967c0145c6",
      "@type": "Person",
      "name": "Stéphanie Robin"
    },
    {
      "@id": "#271c8ae3-96ff-4016-80b9-88bfd2b13917",
      "@type": "Person",
      "name": "Anthony Bretaudeau"
    },
    {
      "@id": "#21792759-27e2-4467-bf89-0d1f148219ac",
      "@type": "Person",
      "name": "Alexandre Cormier"
    }
  ]
}