{
  "@context": "https://w3id.org/ro/crate/1.1/context",
  "@graph": [
    {
      "@id": "ro-crate-metadata.json",
      "@type": "CreativeWork",
      "about": {
        "@id": "./"
      },
      "conformsTo": [
        {
          "@id": "https://w3id.org/ro/crate/1.1"
        },
        {
          "@id": "https://about.workflowhub.eu/Workflow-RO-Crate/"
        }
      ]
    },
    {
      "@id": "./",
      "@type": "Dataset",
      "datePublished": "2023-12-03T00:57:09.020+00:00",
      "mainEntity": {
        "@id": "main_workflow.ga"
      }
    },
    {
      "@id": "main_workflow.ga",
      "@type": [
        "File",
        "SoftwareSourceCode",
        "ComputationalWorkflow"
      ],
      "author": [
        {
          "@id": "#64b331f3-dbe6-41be-93b9-a866bb84a37e"
        },
        {
          "@id": "#5ed05fd1-ad73-47c3-b72d-f6f475f69ecc"
        },
        {
          "@id": "#624cf57b-c27e-488e-b49b-cff7832b74ab"
        },
        {
          "@id": "#bb878d46-1951-4d15-8d9f-754ae76143a5"
        }
      ],
      "license": {
        "@id": "https://spdx.org/licenses/GPL-3.0-or-later"
      },
      "name": "Genome Assembly using PacBio data",
      "version": 4,
      "programmingLanguage": {
        "@id": "https://w3id.org/workflowhub/workflow-ro-crate#galaxy"
      }
    },
    {
      "@id": "https://spdx.org/licenses/GPL-3.0-or-later",
      "@type": "CreativeWork",
      "name": "GPL-3.0-or-later"
    },
    {
      "@id": "https://w3id.org/workflowhub/workflow-ro-crate#galaxy",
      "@type": "ComputerLanguage",
      "identifier": {
        "@id": "https://galaxyproject.org/"
      },
      "name": "Galaxy",
      "url": {
        "@id": "https://galaxyproject.org/"
      },
      "version": "23.1"
    },
    {
      "@id": "#64b331f3-dbe6-41be-93b9-a866bb84a37e",
      "@type": "Person",
      "name": "Erwan Corre"
    },
    {
      "@id": "#5ed05fd1-ad73-47c3-b72d-f6f475f69ecc",
      "@type": "Person",
      "name": "Stéphanie Robin"
    },
    {
      "@id": "#624cf57b-c27e-488e-b49b-cff7832b74ab",
      "@type": "Person",
      "name": "Anthony Bretaudeau"
    },
    {
      "@id": "#bb878d46-1951-4d15-8d9f-754ae76143a5",
      "@type": "Person",
      "name": "Alexandre Cormier"
    }
  ]
}