{
  "@context": "https://w3id.org/ro/crate/1.1/context",
  "@graph": [
    {
      "@id": "ro-crate-metadata.json",
      "@type": "CreativeWork",
      "about": {
        "@id": "./"
      },
      "conformsTo": [
        {
          "@id": "https://w3id.org/ro/crate/1.1"
        },
        {
          "@id": "https://about.workflowhub.eu/Workflow-RO-Crate/"
        }
      ]
    },
    {
      "@id": "./",
      "@type": "Dataset",
      "datePublished": "2023-11-16T00:54:22.704+00:00",
      "mainEntity": {
        "@id": "main_workflow.ga"
      }
    },
    {
      "@id": "main_workflow.ga",
      "@type": [
        "File",
        "SoftwareSourceCode",
        "ComputationalWorkflow"
      ],
      "author": [
        {
          "@id": "#3b53b2ae-8976-4049-9c2a-67d8ae1a1f2f"
        },
        {
          "@id": "#8818c309-222c-4304-97e0-263388c27e4d"
        },
        {
          "@id": "#2c423a1d-f85e-4eeb-b050-f4fdb2c7f63c"
        },
        {
          "@id": "#1201a9e5-fe19-4290-8a12-6eb8602f8cee"
        }
      ],
      "license": {
        "@id": "https://spdx.org/licenses/GPL-3.0-or-later"
      },
      "name": "Genome Assembly using PacBio data",
      "version": 4,
      "programmingLanguage": {
        "@id": "https://w3id.org/workflowhub/workflow-ro-crate#galaxy"
      }
    },
    {
      "@id": "https://spdx.org/licenses/GPL-3.0-or-later",
      "@type": "CreativeWork",
      "name": "GPL-3.0-or-later"
    },
    {
      "@id": "https://w3id.org/workflowhub/workflow-ro-crate#galaxy",
      "@type": "ComputerLanguage",
      "identifier": {
        "@id": "https://galaxyproject.org/"
      },
      "name": "Galaxy",
      "url": {
        "@id": "https://galaxyproject.org/"
      },
      "version": "23.1"
    },
    {
      "@id": "#3b53b2ae-8976-4049-9c2a-67d8ae1a1f2f",
      "@type": "Person",
      "name": "Erwan Corre"
    },
    {
      "@id": "#8818c309-222c-4304-97e0-263388c27e4d",
      "@type": "Person",
      "name": "Stéphanie Robin"
    },
    {
      "@id": "#2c423a1d-f85e-4eeb-b050-f4fdb2c7f63c",
      "@type": "Person",
      "name": "Anthony Bretaudeau"
    },
    {
      "@id": "#1201a9e5-fe19-4290-8a12-6eb8602f8cee",
      "@type": "Person",
      "name": "Alexandre Cormier"
    }
  ]
}