{
  "@context": "https://w3id.org/ro/crate/1.1/context",
  "@graph": [
    {
      "@id": "ro-crate-metadata.json",
      "@type": "CreativeWork",
      "about": {
        "@id": "./"
      },
      "conformsTo": [
        {
          "@id": "https://w3id.org/ro/crate/1.1"
        },
        {
          "@id": "https://about.workflowhub.eu/Workflow-RO-Crate/"
        }
      ]
    },
    {
      "@id": "./",
      "@type": "Dataset",
      "datePublished": "2023-11-29T00:54:43.849+00:00",
      "mainEntity": {
        "@id": "main_workflow.ga"
      }
    },
    {
      "@id": "main_workflow.ga",
      "@type": [
        "File",
        "SoftwareSourceCode",
        "ComputationalWorkflow"
      ],
      "author": [
        {
          "@id": "#d2fd3cd5-37ae-49c1-947a-c278d8b5fcad"
        },
        {
          "@id": "#b869aa7a-8da9-43f0-9d37-d4c4f4e36c3f"
        },
        {
          "@id": "#d26d03ed-af65-453e-a8e4-9327737d3ef6"
        },
        {
          "@id": "#1fbc397d-a0c2-4e40-b8b5-7d60215b656e"
        }
      ],
      "license": {
        "@id": "https://spdx.org/licenses/GPL-3.0-or-later"
      },
      "name": "Genome Assembly using PacBio data",
      "version": 4,
      "programmingLanguage": {
        "@id": "https://w3id.org/workflowhub/workflow-ro-crate#galaxy"
      }
    },
    {
      "@id": "https://spdx.org/licenses/GPL-3.0-or-later",
      "@type": "CreativeWork",
      "name": "GPL-3.0-or-later"
    },
    {
      "@id": "https://w3id.org/workflowhub/workflow-ro-crate#galaxy",
      "@type": "ComputerLanguage",
      "identifier": {
        "@id": "https://galaxyproject.org/"
      },
      "name": "Galaxy",
      "url": {
        "@id": "https://galaxyproject.org/"
      },
      "version": "23.1"
    },
    {
      "@id": "#d2fd3cd5-37ae-49c1-947a-c278d8b5fcad",
      "@type": "Person",
      "name": "Erwan Corre"
    },
    {
      "@id": "#b869aa7a-8da9-43f0-9d37-d4c4f4e36c3f",
      "@type": "Person",
      "name": "Stéphanie Robin"
    },
    {
      "@id": "#d26d03ed-af65-453e-a8e4-9327737d3ef6",
      "@type": "Person",
      "name": "Anthony Bretaudeau"
    },
    {
      "@id": "#1fbc397d-a0c2-4e40-b8b5-7d60215b656e",
      "@type": "Person",
      "name": "Alexandre Cormier"
    }
  ]
}