{
  "@context": "https://w3id.org/ro/crate/1.1/context",
  "@graph": [
    {
      "@id": "ro-crate-metadata.json",
      "@type": "CreativeWork",
      "about": {
        "@id": "./"
      },
      "conformsTo": [
        {
          "@id": "https://w3id.org/ro/crate/1.1"
        },
        {
          "@id": "https://about.workflowhub.eu/Workflow-RO-Crate/"
        }
      ]
    },
    {
      "@id": "./",
      "@type": "Dataset",
      "datePublished": "2023-12-01T00:58:47.967+00:00",
      "mainEntity": {
        "@id": "main_workflow.ga"
      }
    },
    {
      "@id": "main_workflow.ga",
      "@type": [
        "File",
        "SoftwareSourceCode",
        "ComputationalWorkflow"
      ],
      "author": [
        {
          "@id": "#a68e93a1-4d73-4b38-a41b-c41771031944"
        },
        {
          "@id": "#1cc8e915-dbc0-4d33-8ce6-928fdcbcbdda"
        },
        {
          "@id": "#f879b277-5b11-497c-90af-f74fa8973d4b"
        },
        {
          "@id": "#1171b1e0-b8f5-4ac5-92fd-10d1820739d3"
        }
      ],
      "license": {
        "@id": "https://spdx.org/licenses/GPL-3.0-or-later"
      },
      "name": "Genome Assembly using PacBio data",
      "version": 4,
      "programmingLanguage": {
        "@id": "https://w3id.org/workflowhub/workflow-ro-crate#galaxy"
      }
    },
    {
      "@id": "https://spdx.org/licenses/GPL-3.0-or-later",
      "@type": "CreativeWork",
      "name": "GPL-3.0-or-later"
    },
    {
      "@id": "https://w3id.org/workflowhub/workflow-ro-crate#galaxy",
      "@type": "ComputerLanguage",
      "identifier": {
        "@id": "https://galaxyproject.org/"
      },
      "name": "Galaxy",
      "url": {
        "@id": "https://galaxyproject.org/"
      },
      "version": "23.1"
    },
    {
      "@id": "#a68e93a1-4d73-4b38-a41b-c41771031944",
      "@type": "Person",
      "name": "Erwan Corre"
    },
    {
      "@id": "#1cc8e915-dbc0-4d33-8ce6-928fdcbcbdda",
      "@type": "Person",
      "name": "Stéphanie Robin"
    },
    {
      "@id": "#f879b277-5b11-497c-90af-f74fa8973d4b",
      "@type": "Person",
      "name": "Anthony Bretaudeau"
    },
    {
      "@id": "#1171b1e0-b8f5-4ac5-92fd-10d1820739d3",
      "@type": "Person",
      "name": "Alexandre Cormier"
    }
  ]
}