{
  "@context": "https://w3id.org/ro/crate/1.1/context",
  "@graph": [
    {
      "@id": "ro-crate-metadata.json",
      "@type": "CreativeWork",
      "about": {
        "@id": "./"
      },
      "conformsTo": [
        {
          "@id": "https://w3id.org/ro/crate/1.1"
        },
        {
          "@id": "https://about.workflowhub.eu/Workflow-RO-Crate/"
        }
      ]
    },
    {
      "@id": "./",
      "@type": "Dataset",
      "datePublished": "2023-11-11T00:53:41.096+00:00",
      "mainEntity": {
        "@id": "main_workflow.ga"
      }
    },
    {
      "@id": "main_workflow.ga",
      "@type": [
        "File",
        "SoftwareSourceCode",
        "ComputationalWorkflow"
      ],
      "author": [
        {
          "@id": "#a39b48c8-72ef-47a5-b357-3518a5bd8607"
        },
        {
          "@id": "#9972d1e5-6ed5-4bb8-a764-31004514146b"
        },
        {
          "@id": "#87518ee1-eaf0-4317-bcab-4a0ad33278a1"
        },
        {
          "@id": "#05c7350f-66c0-43b6-a8b1-3bfb027a5db7"
        }
      ],
      "license": {
        "@id": "https://spdx.org/licenses/GPL-3.0-or-later"
      },
      "name": "Genome Assembly using PacBio data",
      "version": 4,
      "programmingLanguage": {
        "@id": "https://w3id.org/workflowhub/workflow-ro-crate#galaxy"
      }
    },
    {
      "@id": "https://spdx.org/licenses/GPL-3.0-or-later",
      "@type": "CreativeWork",
      "name": "GPL-3.0-or-later"
    },
    {
      "@id": "https://w3id.org/workflowhub/workflow-ro-crate#galaxy",
      "@type": "ComputerLanguage",
      "identifier": {
        "@id": "https://galaxyproject.org/"
      },
      "name": "Galaxy",
      "url": {
        "@id": "https://galaxyproject.org/"
      },
      "version": "23.1"
    },
    {
      "@id": "#a39b48c8-72ef-47a5-b357-3518a5bd8607",
      "@type": "Person",
      "name": "Erwan Corre"
    },
    {
      "@id": "#9972d1e5-6ed5-4bb8-a764-31004514146b",
      "@type": "Person",
      "name": "Stéphanie Robin"
    },
    {
      "@id": "#87518ee1-eaf0-4317-bcab-4a0ad33278a1",
      "@type": "Person",
      "name": "Anthony Bretaudeau"
    },
    {
      "@id": "#05c7350f-66c0-43b6-a8b1-3bfb027a5db7",
      "@type": "Person",
      "name": "Alexandre Cormier"
    }
  ]
}