{
  "@context": "https://w3id.org/ro/crate/1.1/context",
  "@graph": [
    {
      "@id": "ro-crate-metadata.json",
      "@type": "CreativeWork",
      "about": {
        "@id": "./"
      },
      "conformsTo": [
        {
          "@id": "https://w3id.org/ro/crate/1.1"
        },
        {
          "@id": "https://about.workflowhub.eu/Workflow-RO-Crate/"
        }
      ]
    },
    {
      "@id": "./",
      "@type": "Dataset",
      "datePublished": "2023-12-06T00:55:05.057+00:00",
      "mainEntity": {
        "@id": "main_workflow.ga"
      }
    },
    {
      "@id": "main_workflow.ga",
      "@type": [
        "File",
        "SoftwareSourceCode",
        "ComputationalWorkflow"
      ],
      "author": [
        {
          "@id": "#dc1facb0-0fd6-4fd3-8f73-5ecfcf2c9074"
        },
        {
          "@id": "#601eade6-0560-47b7-b2b0-881e85f917e4"
        },
        {
          "@id": "#8040b70f-91ac-4833-aaaf-73cec27d9751"
        },
        {
          "@id": "#cf279980-e91c-4eb8-974f-ff09173dbafb"
        }
      ],
      "license": {
        "@id": "https://spdx.org/licenses/GPL-3.0-or-later"
      },
      "name": "Genome Assembly using PacBio data",
      "version": 4,
      "programmingLanguage": {
        "@id": "https://w3id.org/workflowhub/workflow-ro-crate#galaxy"
      }
    },
    {
      "@id": "https://spdx.org/licenses/GPL-3.0-or-later",
      "@type": "CreativeWork",
      "name": "GPL-3.0-or-later"
    },
    {
      "@id": "https://w3id.org/workflowhub/workflow-ro-crate#galaxy",
      "@type": "ComputerLanguage",
      "identifier": {
        "@id": "https://galaxyproject.org/"
      },
      "name": "Galaxy",
      "url": {
        "@id": "https://galaxyproject.org/"
      },
      "version": "23.1"
    },
    {
      "@id": "#dc1facb0-0fd6-4fd3-8f73-5ecfcf2c9074",
      "@type": "Person",
      "name": "Erwan Corre"
    },
    {
      "@id": "#601eade6-0560-47b7-b2b0-881e85f917e4",
      "@type": "Person",
      "name": "Stéphanie Robin"
    },
    {
      "@id": "#8040b70f-91ac-4833-aaaf-73cec27d9751",
      "@type": "Person",
      "name": "Anthony Bretaudeau"
    },
    {
      "@id": "#cf279980-e91c-4eb8-974f-ff09173dbafb",
      "@type": "Person",
      "name": "Alexandre Cormier"
    }
  ]
}