{
  "@context": "https://w3id.org/ro/crate/1.1/context",
  "@graph": [
    {
      "@id": "ro-crate-metadata.json",
      "@type": "CreativeWork",
      "about": {
        "@id": "./"
      },
      "conformsTo": [
        {
          "@id": "https://w3id.org/ro/crate/1.1"
        },
        {
          "@id": "https://about.workflowhub.eu/Workflow-RO-Crate/"
        }
      ]
    },
    {
      "@id": "./",
      "@type": "Dataset",
      "datePublished": "2023-12-07T00:54:21.810+00:00",
      "mainEntity": {
        "@id": "main_workflow.ga"
      }
    },
    {
      "@id": "main_workflow.ga",
      "@type": [
        "File",
        "SoftwareSourceCode",
        "ComputationalWorkflow"
      ],
      "author": [
        {
          "@id": "https://orcid.org/0000-0001-9852-1987"
        },
        {
          "@id": "https://orcid.org/0000-0003-1252-9684"
        },
        {
          "@id": "https://orcid.org/0000-0002-0507-4602"
        }
      ],
      "license": {
        "@id": "https://spdx.org/licenses/MIT"
      },
      "name": "Identification of the micro-organisms in a beer using Nanopore sequencing",
      "version": 4,
      "programmingLanguage": {
        "@id": "https://w3id.org/workflowhub/workflow-ro-crate#galaxy"
      }
    },
    {
      "@id": "https://spdx.org/licenses/MIT",
      "@type": "CreativeWork",
      "name": "MIT"
    },
    {
      "@id": "https://w3id.org/workflowhub/workflow-ro-crate#galaxy",
      "@type": "ComputerLanguage",
      "identifier": {
        "@id": "https://galaxyproject.org/"
      },
      "name": "Galaxy",
      "url": {
        "@id": "https://galaxyproject.org/"
      },
      "version": "23.1"
    },
    {
      "@id": "https://orcid.org/0000-0001-9852-1987",
      "@type": "Person",
      "name": "Bérénice Batut"
    },
    {
      "@id": "https://orcid.org/0000-0003-1252-9684",
      "@type": "Person",
      "name": "Teresa Müller"
    },
    {
      "@id": "https://orcid.org/0000-0002-0507-4602",
      "@type": "Person",
      "name": "Polina Polunina"
    }
  ]
}