{
  "@context": "https://w3id.org/ro/crate/1.1/context",
  "@graph": [
    {
      "@id": "ro-crate-metadata.json",
      "@type": "CreativeWork",
      "about": {
        "@id": "./"
      },
      "conformsTo": [
        {
          "@id": "https://w3id.org/ro/crate/1.1"
        },
        {
          "@id": "https://about.workflowhub.eu/Workflow-RO-Crate/"
        }
      ]
    },
    {
      "@id": "./",
      "@type": "Dataset",
      "datePublished": "2023-11-11T00:53:40.976+00:00",
      "mainEntity": {
        "@id": "main_workflow.ga"
      }
    },
    {
      "@id": "main_workflow.ga",
      "@type": [
        "File",
        "SoftwareSourceCode",
        "ComputationalWorkflow"
      ],
      "author": [
        {
          "@id": "#8a28761a-b60c-4061-a233-fc28fda4c27e"
        },
        {
          "@id": "#56b39893-8098-4326-ae37-4f7a5d785d7b"
        },
        {
          "@id": "#34692709-ecbb-4425-b5c4-1e7446314025"
        },
        {
          "@id": "#4d0bbb58-ef41-42c4-9dc5-350e74556bb1"
        },
        {
          "@id": "#822e8fac-f053-4ad2-a2e6-6742d730e5a4"
        }
      ],
      "license": {
        "@id": "https://spdx.org/licenses/GPL-3.0-or-later"
      },
      "name": "Genome Assembly Quality Control",
      "version": 1,
      "programmingLanguage": {
        "@id": "https://w3id.org/workflowhub/workflow-ro-crate#galaxy"
      }
    },
    {
      "@id": "https://spdx.org/licenses/GPL-3.0-or-later",
      "@type": "CreativeWork",
      "name": "GPL-3.0-or-later"
    },
    {
      "@id": "https://w3id.org/workflowhub/workflow-ro-crate#galaxy",
      "@type": "ComputerLanguage",
      "identifier": {
        "@id": "https://galaxyproject.org/"
      },
      "name": "Galaxy",
      "url": {
        "@id": "https://galaxyproject.org/"
      },
      "version": "23.1"
    },
    {
      "@id": "#8a28761a-b60c-4061-a233-fc28fda4c27e",
      "@type": "Person",
      "name": "Erwan Corre"
    },
    {
      "@id": "#56b39893-8098-4326-ae37-4f7a5d785d7b",
      "@type": "Person",
      "name": "Stéphanie Robin"
    },
    {
      "@id": "#34692709-ecbb-4425-b5c4-1e7446314025",
      "@type": "Person",
      "name": "Anthony Bretaudeau"
    },
    {
      "@id": "#4d0bbb58-ef41-42c4-9dc5-350e74556bb1",
      "@type": "Person",
      "name": "Alexandre Cormier"
    },
    {
      "@id": "#822e8fac-f053-4ad2-a2e6-6742d730e5a4",
      "@type": "Person",
      "name": "Laura Leroi"
    }
  ]
}