{
  "@context": "https://w3id.org/ro/crate/1.1/context",
  "@graph": [
    {
      "@id": "ro-crate-metadata.json",
      "@type": "CreativeWork",
      "about": {
        "@id": "./"
      },
      "conformsTo": [
        {
          "@id": "https://w3id.org/ro/crate/1.1"
        },
        {
          "@id": "https://about.workflowhub.eu/Workflow-RO-Crate/"
        }
      ]
    },
    {
      "@id": "./",
      "@type": "Dataset",
      "datePublished": "2023-11-20T00:54:51.368+00:00",
      "mainEntity": {
        "@id": "main_workflow.ga"
      }
    },
    {
      "@id": "main_workflow.ga",
      "@type": [
        "File",
        "SoftwareSourceCode",
        "ComputationalWorkflow"
      ],
      "author": [
        {
          "@id": "#bc4e39ee-d82a-47c1-9a25-cc62aca4aa80"
        },
        {
          "@id": "#8adcaa04-f8a1-4d0f-b0c6-b795f2ac90f5"
        },
        {
          "@id": "#5a851b19-b512-4619-a3c2-4cbdf1313cee"
        },
        {
          "@id": "#db94d98e-e077-4e50-aa50-c6a3a74ba874"
        },
        {
          "@id": "#a5f4a8ab-6ee5-4260-91fd-b0b2299995e9"
        }
      ],
      "license": {
        "@id": "https://spdx.org/licenses/GPL-3.0-or-later"
      },
      "name": "Genome Assembly Quality Control",
      "version": 1,
      "programmingLanguage": {
        "@id": "https://w3id.org/workflowhub/workflow-ro-crate#galaxy"
      }
    },
    {
      "@id": "https://spdx.org/licenses/GPL-3.0-or-later",
      "@type": "CreativeWork",
      "name": "GPL-3.0-or-later"
    },
    {
      "@id": "https://w3id.org/workflowhub/workflow-ro-crate#galaxy",
      "@type": "ComputerLanguage",
      "identifier": {
        "@id": "https://galaxyproject.org/"
      },
      "name": "Galaxy",
      "url": {
        "@id": "https://galaxyproject.org/"
      },
      "version": "23.1"
    },
    {
      "@id": "#bc4e39ee-d82a-47c1-9a25-cc62aca4aa80",
      "@type": "Person",
      "name": "Erwan Corre"
    },
    {
      "@id": "#8adcaa04-f8a1-4d0f-b0c6-b795f2ac90f5",
      "@type": "Person",
      "name": "Stéphanie Robin"
    },
    {
      "@id": "#5a851b19-b512-4619-a3c2-4cbdf1313cee",
      "@type": "Person",
      "name": "Anthony Bretaudeau"
    },
    {
      "@id": "#db94d98e-e077-4e50-aa50-c6a3a74ba874",
      "@type": "Person",
      "name": "Alexandre Cormier"
    },
    {
      "@id": "#a5f4a8ab-6ee5-4260-91fd-b0b2299995e9",
      "@type": "Person",
      "name": "Laura Leroi"
    }
  ]
}