{
  "@context": "https://w3id.org/ro/crate/1.1/context",
  "@graph": [
    {
      "@id": "ro-crate-metadata.json",
      "@type": "CreativeWork",
      "about": {
        "@id": "./"
      },
      "conformsTo": [
        {
          "@id": "https://w3id.org/ro/crate/1.1"
        },
        {
          "@id": "https://about.workflowhub.eu/Workflow-RO-Crate/"
        }
      ]
    },
    {
      "@id": "./",
      "@type": "Dataset",
      "datePublished": "2023-12-02T00:52:52.706+00:00",
      "mainEntity": {
        "@id": "main_workflow.ga"
      }
    },
    {
      "@id": "main_workflow.ga",
      "@type": [
        "File",
        "SoftwareSourceCode",
        "ComputationalWorkflow"
      ],
      "author": [
        {
          "@id": "#33257a92-a3a1-4834-8c0c-e03e9045fb96"
        },
        {
          "@id": "#52f84538-e335-475b-8def-e817b9786748"
        },
        {
          "@id": "#90613120-34dd-49e7-b573-0f6fc2dac153"
        },
        {
          "@id": "#855d608e-71b8-492b-9c3e-666365999c3b"
        },
        {
          "@id": "#bac7149d-06d1-4e7d-9983-fde8dca68bc2"
        }
      ],
      "license": {
        "@id": "https://spdx.org/licenses/GPL-3.0-or-later"
      },
      "name": "Genome Assembly Quality Control",
      "version": 1,
      "programmingLanguage": {
        "@id": "https://w3id.org/workflowhub/workflow-ro-crate#galaxy"
      }
    },
    {
      "@id": "https://spdx.org/licenses/GPL-3.0-or-later",
      "@type": "CreativeWork",
      "name": "GPL-3.0-or-later"
    },
    {
      "@id": "https://w3id.org/workflowhub/workflow-ro-crate#galaxy",
      "@type": "ComputerLanguage",
      "identifier": {
        "@id": "https://galaxyproject.org/"
      },
      "name": "Galaxy",
      "url": {
        "@id": "https://galaxyproject.org/"
      },
      "version": "23.1"
    },
    {
      "@id": "#33257a92-a3a1-4834-8c0c-e03e9045fb96",
      "@type": "Person",
      "name": "Erwan Corre"
    },
    {
      "@id": "#52f84538-e335-475b-8def-e817b9786748",
      "@type": "Person",
      "name": "Stéphanie Robin"
    },
    {
      "@id": "#90613120-34dd-49e7-b573-0f6fc2dac153",
      "@type": "Person",
      "name": "Anthony Bretaudeau"
    },
    {
      "@id": "#855d608e-71b8-492b-9c3e-666365999c3b",
      "@type": "Person",
      "name": "Alexandre Cormier"
    },
    {
      "@id": "#bac7149d-06d1-4e7d-9983-fde8dca68bc2",
      "@type": "Person",
      "name": "Laura Leroi"
    }
  ]
}