{
  "@context": "https://w3id.org/ro/crate/1.1/context",
  "@graph": [
    {
      "@id": "ro-crate-metadata.json",
      "@type": "CreativeWork",
      "about": {
        "@id": "./"
      },
      "conformsTo": [
        {
          "@id": "https://w3id.org/ro/crate/1.1"
        },
        {
          "@id": "https://about.workflowhub.eu/Workflow-RO-Crate/"
        }
      ]
    },
    {
      "@id": "./",
      "@type": "Dataset",
      "datePublished": "2023-11-30T00:54:11.302+00:00",
      "mainEntity": {
        "@id": "main_workflow.ga"
      }
    },
    {
      "@id": "main_workflow.ga",
      "@type": [
        "File",
        "SoftwareSourceCode",
        "ComputationalWorkflow"
      ],
      "author": [
        {
          "@id": "#4f372bd1-72da-440f-bbfd-0ee6fdcd4929"
        },
        {
          "@id": "#15abc171-d556-49c4-97e9-d21ac6517ce8"
        },
        {
          "@id": "#3c792cd5-49cd-4745-851b-09a4c60990ba"
        },
        {
          "@id": "#28de4d3a-10cd-46e0-b2f0-245e0e1be13b"
        },
        {
          "@id": "#3ac9e6be-130c-4413-8dd9-87be98a515d8"
        }
      ],
      "license": {
        "@id": "https://spdx.org/licenses/GPL-3.0-or-later"
      },
      "name": "Genome Assembly Quality Control",
      "version": 1,
      "programmingLanguage": {
        "@id": "https://w3id.org/workflowhub/workflow-ro-crate#galaxy"
      }
    },
    {
      "@id": "https://spdx.org/licenses/GPL-3.0-or-later",
      "@type": "CreativeWork",
      "name": "GPL-3.0-or-later"
    },
    {
      "@id": "https://w3id.org/workflowhub/workflow-ro-crate#galaxy",
      "@type": "ComputerLanguage",
      "identifier": {
        "@id": "https://galaxyproject.org/"
      },
      "name": "Galaxy",
      "url": {
        "@id": "https://galaxyproject.org/"
      },
      "version": "23.1"
    },
    {
      "@id": "#4f372bd1-72da-440f-bbfd-0ee6fdcd4929",
      "@type": "Person",
      "name": "Erwan Corre"
    },
    {
      "@id": "#15abc171-d556-49c4-97e9-d21ac6517ce8",
      "@type": "Person",
      "name": "Stéphanie Robin"
    },
    {
      "@id": "#3c792cd5-49cd-4745-851b-09a4c60990ba",
      "@type": "Person",
      "name": "Anthony Bretaudeau"
    },
    {
      "@id": "#28de4d3a-10cd-46e0-b2f0-245e0e1be13b",
      "@type": "Person",
      "name": "Alexandre Cormier"
    },
    {
      "@id": "#3ac9e6be-130c-4413-8dd9-87be98a515d8",
      "@type": "Person",
      "name": "Laura Leroi"
    }
  ]
}