{
  "@context": "https://w3id.org/ro/crate/1.1/context",
  "@graph": [
    {
      "@id": "ro-crate-metadata.json",
      "@type": "CreativeWork",
      "about": {
        "@id": "./"
      },
      "conformsTo": [
        {
          "@id": "https://w3id.org/ro/crate/1.1"
        },
        {
          "@id": "https://about.workflowhub.eu/Workflow-RO-Crate/"
        }
      ]
    },
    {
      "@id": "./",
      "@type": "Dataset",
      "datePublished": "2023-11-23T00:53:51.173+00:00",
      "mainEntity": {
        "@id": "main_workflow.ga"
      }
    },
    {
      "@id": "main_workflow.ga",
      "@type": [
        "File",
        "SoftwareSourceCode",
        "ComputationalWorkflow"
      ],
      "author": [
        {
          "@id": "#e1e3d6dc-6ce1-4b79-8398-a672993cb3e6"
        },
        {
          "@id": "#b534739e-5e29-44e5-b49a-cbbc8e8adb53"
        },
        {
          "@id": "#f396308c-a242-4154-83b7-9696e6793f60"
        },
        {
          "@id": "#d1e9ead8-41fc-4ac8-9004-39d4ea78863b"
        },
        {
          "@id": "#78dd4a87-3e49-42ac-8877-617e11fb3abc"
        }
      ],
      "license": {
        "@id": "https://spdx.org/licenses/GPL-3.0-or-later"
      },
      "name": "Genome Assembly Quality Control",
      "version": 1,
      "programmingLanguage": {
        "@id": "https://w3id.org/workflowhub/workflow-ro-crate#galaxy"
      }
    },
    {
      "@id": "https://spdx.org/licenses/GPL-3.0-or-later",
      "@type": "CreativeWork",
      "name": "GPL-3.0-or-later"
    },
    {
      "@id": "https://w3id.org/workflowhub/workflow-ro-crate#galaxy",
      "@type": "ComputerLanguage",
      "identifier": {
        "@id": "https://galaxyproject.org/"
      },
      "name": "Galaxy",
      "url": {
        "@id": "https://galaxyproject.org/"
      },
      "version": "23.1"
    },
    {
      "@id": "#e1e3d6dc-6ce1-4b79-8398-a672993cb3e6",
      "@type": "Person",
      "name": "Erwan Corre"
    },
    {
      "@id": "#b534739e-5e29-44e5-b49a-cbbc8e8adb53",
      "@type": "Person",
      "name": "Stéphanie Robin"
    },
    {
      "@id": "#f396308c-a242-4154-83b7-9696e6793f60",
      "@type": "Person",
      "name": "Anthony Bretaudeau"
    },
    {
      "@id": "#d1e9ead8-41fc-4ac8-9004-39d4ea78863b",
      "@type": "Person",
      "name": "Alexandre Cormier"
    },
    {
      "@id": "#78dd4a87-3e49-42ac-8877-617e11fb3abc",
      "@type": "Person",
      "name": "Laura Leroi"
    }
  ]
}