{
  "@context": "https://w3id.org/ro/crate/1.1/context",
  "@graph": [
    {
      "@id": "ro-crate-metadata.json",
      "@type": "CreativeWork",
      "about": {
        "@id": "./"
      },
      "conformsTo": [
        {
          "@id": "https://w3id.org/ro/crate/1.1"
        },
        {
          "@id": "https://about.workflowhub.eu/Workflow-RO-Crate/"
        }
      ]
    },
    {
      "@id": "./",
      "@type": "Dataset",
      "datePublished": "2023-11-08T00:52:22.759+00:00",
      "mainEntity": {
        "@id": "main_workflow.ga"
      }
    },
    {
      "@id": "main_workflow.ga",
      "@type": [
        "File",
        "SoftwareSourceCode",
        "ComputationalWorkflow"
      ],
      "author": [
        {
          "@id": "#1e48ac10-3438-421f-a04a-18fcc8841208"
        },
        {
          "@id": "#0cfa16dd-02b0-4ba9-b12f-5617252821b3"
        },
        {
          "@id": "#d00660cf-d47e-49b1-be17-4efc6c858acf"
        },
        {
          "@id": "#1db9e45a-48a5-47dd-977d-fd9f60ec8c2f"
        },
        {
          "@id": "#12d5d7b4-ea2e-4fbd-8dd5-51a74cb437ab"
        }
      ],
      "license": {
        "@id": "https://spdx.org/licenses/GPL-3.0-or-later"
      },
      "name": "Genome Assembly Quality Control",
      "version": 1,
      "programmingLanguage": {
        "@id": "https://w3id.org/workflowhub/workflow-ro-crate#galaxy"
      }
    },
    {
      "@id": "https://spdx.org/licenses/GPL-3.0-or-later",
      "@type": "CreativeWork",
      "name": "GPL-3.0-or-later"
    },
    {
      "@id": "https://w3id.org/workflowhub/workflow-ro-crate#galaxy",
      "@type": "ComputerLanguage",
      "identifier": {
        "@id": "https://galaxyproject.org/"
      },
      "name": "Galaxy",
      "url": {
        "@id": "https://galaxyproject.org/"
      },
      "version": "23.1"
    },
    {
      "@id": "#1e48ac10-3438-421f-a04a-18fcc8841208",
      "@type": "Person",
      "name": "Erwan Corre"
    },
    {
      "@id": "#0cfa16dd-02b0-4ba9-b12f-5617252821b3",
      "@type": "Person",
      "name": "Stéphanie Robin"
    },
    {
      "@id": "#d00660cf-d47e-49b1-be17-4efc6c858acf",
      "@type": "Person",
      "name": "Anthony Bretaudeau"
    },
    {
      "@id": "#1db9e45a-48a5-47dd-977d-fd9f60ec8c2f",
      "@type": "Person",
      "name": "Alexandre Cormier"
    },
    {
      "@id": "#12d5d7b4-ea2e-4fbd-8dd5-51a74cb437ab",
      "@type": "Person",
      "name": "Laura Leroi"
    }
  ]
}