{
  "@context": "https://w3id.org/ro/crate/1.1/context",
  "@graph": [
    {
      "@id": "ro-crate-metadata.json",
      "@type": "CreativeWork",
      "about": {
        "@id": "./"
      },
      "conformsTo": [
        {
          "@id": "https://w3id.org/ro/crate/1.1"
        },
        {
          "@id": "https://about.workflowhub.eu/Workflow-RO-Crate/"
        }
      ]
    },
    {
      "@id": "./",
      "@type": "Dataset",
      "datePublished": "2023-11-12T00:56:32.911+00:00",
      "mainEntity": {
        "@id": "main_workflow.ga"
      }
    },
    {
      "@id": "main_workflow.ga",
      "@type": [
        "File",
        "SoftwareSourceCode",
        "ComputationalWorkflow"
      ],
      "author": [
        {
          "@id": "#02bd79ec-042e-4eff-9af7-4f402b7a76c4"
        },
        {
          "@id": "#0c05a8a8-d30e-42c5-9d4e-9a92510d53d6"
        },
        {
          "@id": "#45c57a01-83ee-4261-829e-6d6d2d6fd6a7"
        },
        {
          "@id": "#9e8fef10-2710-4189-8017-d8a3dd8e9979"
        },
        {
          "@id": "#b32ead2a-9203-42ab-9b20-edea8dd0191a"
        }
      ],
      "license": {
        "@id": "https://spdx.org/licenses/GPL-3.0-or-later"
      },
      "name": "Genome Assembly Quality Control",
      "version": 1,
      "programmingLanguage": {
        "@id": "https://w3id.org/workflowhub/workflow-ro-crate#galaxy"
      }
    },
    {
      "@id": "https://spdx.org/licenses/GPL-3.0-or-later",
      "@type": "CreativeWork",
      "name": "GPL-3.0-or-later"
    },
    {
      "@id": "https://w3id.org/workflowhub/workflow-ro-crate#galaxy",
      "@type": "ComputerLanguage",
      "identifier": {
        "@id": "https://galaxyproject.org/"
      },
      "name": "Galaxy",
      "url": {
        "@id": "https://galaxyproject.org/"
      },
      "version": "23.1"
    },
    {
      "@id": "#02bd79ec-042e-4eff-9af7-4f402b7a76c4",
      "@type": "Person",
      "name": "Erwan Corre"
    },
    {
      "@id": "#0c05a8a8-d30e-42c5-9d4e-9a92510d53d6",
      "@type": "Person",
      "name": "Stéphanie Robin"
    },
    {
      "@id": "#45c57a01-83ee-4261-829e-6d6d2d6fd6a7",
      "@type": "Person",
      "name": "Anthony Bretaudeau"
    },
    {
      "@id": "#9e8fef10-2710-4189-8017-d8a3dd8e9979",
      "@type": "Person",
      "name": "Alexandre Cormier"
    },
    {
      "@id": "#b32ead2a-9203-42ab-9b20-edea8dd0191a",
      "@type": "Person",
      "name": "Laura Leroi"
    }
  ]
}