{
  "@context": "https://w3id.org/ro/crate/1.1/context",
  "@graph": [
    {
      "@id": "ro-crate-metadata.json",
      "@type": "CreativeWork",
      "about": {
        "@id": "./"
      },
      "conformsTo": [
        {
          "@id": "https://w3id.org/ro/crate/1.1"
        },
        {
          "@id": "https://about.workflowhub.eu/Workflow-RO-Crate/"
        }
      ]
    },
    {
      "@id": "./",
      "@type": "Dataset",
      "datePublished": "2023-12-04T00:54:43.018+00:00",
      "mainEntity": {
        "@id": "main_workflow.ga"
      }
    },
    {
      "@id": "main_workflow.ga",
      "@type": [
        "File",
        "SoftwareSourceCode",
        "ComputationalWorkflow"
      ],
      "author": [
        {
          "@id": "#74b1bb8e-0a07-4de4-b33f-a0fa86d0a54f"
        },
        {
          "@id": "#9c69d1b4-a01f-4e1b-8ac2-0f53f1557592"
        },
        {
          "@id": "#7c10ad17-e9d6-4788-967e-bdd94c5620d9"
        },
        {
          "@id": "#0d0e6783-5727-4734-8137-74040218f283"
        },
        {
          "@id": "#017da2e2-956b-43b1-99d3-cf4f5b32b8ef"
        }
      ],
      "license": {
        "@id": "https://spdx.org/licenses/GPL-3.0-or-later"
      },
      "name": "Genome Assembly Quality Control",
      "version": 1,
      "programmingLanguage": {
        "@id": "https://w3id.org/workflowhub/workflow-ro-crate#galaxy"
      }
    },
    {
      "@id": "https://spdx.org/licenses/GPL-3.0-or-later",
      "@type": "CreativeWork",
      "name": "GPL-3.0-or-later"
    },
    {
      "@id": "https://w3id.org/workflowhub/workflow-ro-crate#galaxy",
      "@type": "ComputerLanguage",
      "identifier": {
        "@id": "https://galaxyproject.org/"
      },
      "name": "Galaxy",
      "url": {
        "@id": "https://galaxyproject.org/"
      },
      "version": "23.1"
    },
    {
      "@id": "#74b1bb8e-0a07-4de4-b33f-a0fa86d0a54f",
      "@type": "Person",
      "name": "Erwan Corre"
    },
    {
      "@id": "#9c69d1b4-a01f-4e1b-8ac2-0f53f1557592",
      "@type": "Person",
      "name": "Stéphanie Robin"
    },
    {
      "@id": "#7c10ad17-e9d6-4788-967e-bdd94c5620d9",
      "@type": "Person",
      "name": "Anthony Bretaudeau"
    },
    {
      "@id": "#0d0e6783-5727-4734-8137-74040218f283",
      "@type": "Person",
      "name": "Alexandre Cormier"
    },
    {
      "@id": "#017da2e2-956b-43b1-99d3-cf4f5b32b8ef",
      "@type": "Person",
      "name": "Laura Leroi"
    }
  ]
}