{
  "@context": "https://w3id.org/ro/crate/1.1/context",
  "@graph": [
    {
      "@id": "ro-crate-metadata.json",
      "@type": "CreativeWork",
      "about": {
        "@id": "./"
      },
      "conformsTo": [
        {
          "@id": "https://w3id.org/ro/crate/1.1"
        },
        {
          "@id": "https://about.workflowhub.eu/Workflow-RO-Crate/"
        }
      ]
    },
    {
      "@id": "./",
      "@type": "Dataset",
      "datePublished": "2023-12-06T00:55:04.969+00:00",
      "mainEntity": {
        "@id": "main_workflow.ga"
      }
    },
    {
      "@id": "main_workflow.ga",
      "@type": [
        "File",
        "SoftwareSourceCode",
        "ComputationalWorkflow"
      ],
      "author": [
        {
          "@id": "#b05f2b31-57e0-438a-bb28-138741a4e47d"
        },
        {
          "@id": "#87ac049a-ad1f-489a-af7c-0af09cf7829f"
        },
        {
          "@id": "#300568f1-87de-4cc7-9c35-c0da6ed83d80"
        },
        {
          "@id": "#0e2b6023-7c8c-4407-8d6c-7c40e5b856cb"
        },
        {
          "@id": "#e27beb60-6f9a-4330-b1cf-1001c7c2d03d"
        }
      ],
      "license": {
        "@id": "https://spdx.org/licenses/GPL-3.0-or-later"
      },
      "name": "Genome Assembly Quality Control",
      "version": 1,
      "programmingLanguage": {
        "@id": "https://w3id.org/workflowhub/workflow-ro-crate#galaxy"
      }
    },
    {
      "@id": "https://spdx.org/licenses/GPL-3.0-or-later",
      "@type": "CreativeWork",
      "name": "GPL-3.0-or-later"
    },
    {
      "@id": "https://w3id.org/workflowhub/workflow-ro-crate#galaxy",
      "@type": "ComputerLanguage",
      "identifier": {
        "@id": "https://galaxyproject.org/"
      },
      "name": "Galaxy",
      "url": {
        "@id": "https://galaxyproject.org/"
      },
      "version": "23.1"
    },
    {
      "@id": "#b05f2b31-57e0-438a-bb28-138741a4e47d",
      "@type": "Person",
      "name": "Erwan Corre"
    },
    {
      "@id": "#87ac049a-ad1f-489a-af7c-0af09cf7829f",
      "@type": "Person",
      "name": "Stéphanie Robin"
    },
    {
      "@id": "#300568f1-87de-4cc7-9c35-c0da6ed83d80",
      "@type": "Person",
      "name": "Anthony Bretaudeau"
    },
    {
      "@id": "#0e2b6023-7c8c-4407-8d6c-7c40e5b856cb",
      "@type": "Person",
      "name": "Alexandre Cormier"
    },
    {
      "@id": "#e27beb60-6f9a-4330-b1cf-1001c7c2d03d",
      "@type": "Person",
      "name": "Laura Leroi"
    }
  ]
}