{
  "@context": "https://w3id.org/ro/crate/1.1/context",
  "@graph": [
    {
      "@id": "ro-crate-metadata.json",
      "@type": "CreativeWork",
      "about": {
        "@id": "./"
      },
      "conformsTo": [
        {
          "@id": "https://w3id.org/ro/crate/1.1"
        },
        {
          "@id": "https://about.workflowhub.eu/Workflow-RO-Crate/"
        }
      ]
    },
    {
      "@id": "./",
      "@type": "Dataset",
      "datePublished": "2023-11-19T00:58:15.884+00:00",
      "mainEntity": {
        "@id": "main_workflow.ga"
      }
    },
    {
      "@id": "main_workflow.ga",
      "@type": [
        "File",
        "SoftwareSourceCode",
        "ComputationalWorkflow"
      ],
      "author": [
        {
          "@id": "#5bad89e3-f171-4e97-b7b4-152a5b6862c7"
        },
        {
          "@id": "#ba36998a-8554-4e76-8c15-2af3004a0101"
        },
        {
          "@id": "#9f05dc3e-60c7-405e-a2de-942e0f6564c3"
        },
        {
          "@id": "#883c35ef-90f3-4a62-9372-82b96e3e4e63"
        },
        {
          "@id": "#adb7d125-f696-4e98-8c3c-f9dc488b6839"
        }
      ],
      "license": {
        "@id": "https://spdx.org/licenses/GPL-3.0-or-later"
      },
      "name": "Genome Assembly Quality Control",
      "version": 1,
      "programmingLanguage": {
        "@id": "https://w3id.org/workflowhub/workflow-ro-crate#galaxy"
      }
    },
    {
      "@id": "https://spdx.org/licenses/GPL-3.0-or-later",
      "@type": "CreativeWork",
      "name": "GPL-3.0-or-later"
    },
    {
      "@id": "https://w3id.org/workflowhub/workflow-ro-crate#galaxy",
      "@type": "ComputerLanguage",
      "identifier": {
        "@id": "https://galaxyproject.org/"
      },
      "name": "Galaxy",
      "url": {
        "@id": "https://galaxyproject.org/"
      },
      "version": "23.1"
    },
    {
      "@id": "#5bad89e3-f171-4e97-b7b4-152a5b6862c7",
      "@type": "Person",
      "name": "Erwan Corre"
    },
    {
      "@id": "#ba36998a-8554-4e76-8c15-2af3004a0101",
      "@type": "Person",
      "name": "Stéphanie Robin"
    },
    {
      "@id": "#9f05dc3e-60c7-405e-a2de-942e0f6564c3",
      "@type": "Person",
      "name": "Anthony Bretaudeau"
    },
    {
      "@id": "#883c35ef-90f3-4a62-9372-82b96e3e4e63",
      "@type": "Person",
      "name": "Alexandre Cormier"
    },
    {
      "@id": "#adb7d125-f696-4e98-8c3c-f9dc488b6839",
      "@type": "Person",
      "name": "Laura Leroi"
    }
  ]
}