{
  "@context": "https://w3id.org/ro/crate/1.1/context",
  "@graph": [
    {
      "@id": "ro-crate-metadata.json",
      "@type": "CreativeWork",
      "about": {
        "@id": "./"
      },
      "conformsTo": [
        {
          "@id": "https://w3id.org/ro/crate/1.1"
        },
        {
          "@id": "https://about.workflowhub.eu/Workflow-RO-Crate/"
        }
      ]
    },
    {
      "@id": "./",
      "@type": "Dataset",
      "datePublished": "2023-11-09T00:51:56.891+00:00",
      "mainEntity": {
        "@id": "main_workflow.ga"
      }
    },
    {
      "@id": "main_workflow.ga",
      "@type": [
        "File",
        "SoftwareSourceCode",
        "ComputationalWorkflow"
      ],
      "author": [
        {
          "@id": "#3e96d0f3-f49f-4ad7-a267-27514a6cf3d9"
        },
        {
          "@id": "#ff24cb23-228f-4491-9daf-df6d95a53484"
        },
        {
          "@id": "#f2eb6968-edff-42d5-9383-bfd068fbde71"
        },
        {
          "@id": "#01af15f1-09bb-4ebb-9ed2-402da8ddd1fe"
        },
        {
          "@id": "#c5911e51-84c6-4c5d-bc55-72ec903b011c"
        }
      ],
      "license": {
        "@id": "https://spdx.org/licenses/GPL-3.0-or-later"
      },
      "name": "Genome Assembly Quality Control",
      "version": 1,
      "programmingLanguage": {
        "@id": "https://w3id.org/workflowhub/workflow-ro-crate#galaxy"
      }
    },
    {
      "@id": "https://spdx.org/licenses/GPL-3.0-or-later",
      "@type": "CreativeWork",
      "name": "GPL-3.0-or-later"
    },
    {
      "@id": "https://w3id.org/workflowhub/workflow-ro-crate#galaxy",
      "@type": "ComputerLanguage",
      "identifier": {
        "@id": "https://galaxyproject.org/"
      },
      "name": "Galaxy",
      "url": {
        "@id": "https://galaxyproject.org/"
      },
      "version": "23.1"
    },
    {
      "@id": "#3e96d0f3-f49f-4ad7-a267-27514a6cf3d9",
      "@type": "Person",
      "name": "Erwan Corre"
    },
    {
      "@id": "#ff24cb23-228f-4491-9daf-df6d95a53484",
      "@type": "Person",
      "name": "Stéphanie Robin"
    },
    {
      "@id": "#f2eb6968-edff-42d5-9383-bfd068fbde71",
      "@type": "Person",
      "name": "Anthony Bretaudeau"
    },
    {
      "@id": "#01af15f1-09bb-4ebb-9ed2-402da8ddd1fe",
      "@type": "Person",
      "name": "Alexandre Cormier"
    },
    {
      "@id": "#c5911e51-84c6-4c5d-bc55-72ec903b011c",
      "@type": "Person",
      "name": "Laura Leroi"
    }
  ]
}