{
  "@context": "https://w3id.org/ro/crate/1.1/context",
  "@graph": [
    {
      "@id": "ro-crate-metadata.json",
      "@type": "CreativeWork",
      "about": {
        "@id": "./"
      },
      "conformsTo": [
        {
          "@id": "https://w3id.org/ro/crate/1.1"
        },
        {
          "@id": "https://about.workflowhub.eu/Workflow-RO-Crate/"
        }
      ]
    },
    {
      "@id": "./",
      "@type": "Dataset",
      "datePublished": "2023-11-25T00:51:23.477+00:00",
      "mainEntity": {
        "@id": "main_workflow.ga"
      }
    },
    {
      "@id": "main_workflow.ga",
      "@type": [
        "File",
        "SoftwareSourceCode",
        "ComputationalWorkflow"
      ],
      "author": [
        {
          "@id": "#44db1c16-e950-420b-9de8-aa671cbbe6e0"
        },
        {
          "@id": "#d01e5947-b240-4c7e-9250-4f55f98f175a"
        },
        {
          "@id": "#f6d91b8c-5878-4059-8722-b9e4469274b5"
        },
        {
          "@id": "#f8d563be-52f0-4b70-8830-8bfd34554a1b"
        },
        {
          "@id": "#d81c8187-9740-428a-9238-2f7f28374a0c"
        }
      ],
      "license": {
        "@id": "https://spdx.org/licenses/GPL-3.0-or-later"
      },
      "name": "Genome Assembly Quality Control",
      "version": 1,
      "programmingLanguage": {
        "@id": "https://w3id.org/workflowhub/workflow-ro-crate#galaxy"
      }
    },
    {
      "@id": "https://spdx.org/licenses/GPL-3.0-or-later",
      "@type": "CreativeWork",
      "name": "GPL-3.0-or-later"
    },
    {
      "@id": "https://w3id.org/workflowhub/workflow-ro-crate#galaxy",
      "@type": "ComputerLanguage",
      "identifier": {
        "@id": "https://galaxyproject.org/"
      },
      "name": "Galaxy",
      "url": {
        "@id": "https://galaxyproject.org/"
      },
      "version": "23.1"
    },
    {
      "@id": "#44db1c16-e950-420b-9de8-aa671cbbe6e0",
      "@type": "Person",
      "name": "Erwan Corre"
    },
    {
      "@id": "#d01e5947-b240-4c7e-9250-4f55f98f175a",
      "@type": "Person",
      "name": "Stéphanie Robin"
    },
    {
      "@id": "#f6d91b8c-5878-4059-8722-b9e4469274b5",
      "@type": "Person",
      "name": "Anthony Bretaudeau"
    },
    {
      "@id": "#f8d563be-52f0-4b70-8830-8bfd34554a1b",
      "@type": "Person",
      "name": "Alexandre Cormier"
    },
    {
      "@id": "#d81c8187-9740-428a-9238-2f7f28374a0c",
      "@type": "Person",
      "name": "Laura Leroi"
    }
  ]
}