{
  "@context": "https://w3id.org/ro/crate/1.1/context",
  "@graph": [
    {
      "@id": "ro-crate-metadata.json",
      "@type": "CreativeWork",
      "about": {
        "@id": "./"
      },
      "conformsTo": [
        {
          "@id": "https://w3id.org/ro/crate/1.1"
        },
        {
          "@id": "https://about.workflowhub.eu/Workflow-RO-Crate/"
        }
      ]
    },
    {
      "@id": "./",
      "@type": "Dataset",
      "datePublished": "2023-12-05T00:55:12.487+00:00",
      "mainEntity": {
        "@id": "main_workflow.ga"
      }
    },
    {
      "@id": "main_workflow.ga",
      "@type": [
        "File",
        "SoftwareSourceCode",
        "ComputationalWorkflow"
      ],
      "author": [
        {
          "@id": "#fe4ffaab-edc8-41b5-9e19-fd4245ab47df"
        },
        {
          "@id": "#ccec836c-e5d3-4608-a125-a82d690fa2dd"
        },
        {
          "@id": "#95698bc2-f975-4bcd-a0b5-88a0d8ffac0b"
        },
        {
          "@id": "#6986d21f-b634-4cb9-9e35-5566c9f1d0a0"
        },
        {
          "@id": "#223d4b14-bdfa-45ef-b6ba-55c349eaf1b9"
        }
      ],
      "license": {
        "@id": "https://spdx.org/licenses/GPL-3.0-or-later"
      },
      "name": "Genome Assembly Quality Control",
      "version": 1,
      "programmingLanguage": {
        "@id": "https://w3id.org/workflowhub/workflow-ro-crate#galaxy"
      }
    },
    {
      "@id": "https://spdx.org/licenses/GPL-3.0-or-later",
      "@type": "CreativeWork",
      "name": "GPL-3.0-or-later"
    },
    {
      "@id": "https://w3id.org/workflowhub/workflow-ro-crate#galaxy",
      "@type": "ComputerLanguage",
      "identifier": {
        "@id": "https://galaxyproject.org/"
      },
      "name": "Galaxy",
      "url": {
        "@id": "https://galaxyproject.org/"
      },
      "version": "23.1"
    },
    {
      "@id": "#fe4ffaab-edc8-41b5-9e19-fd4245ab47df",
      "@type": "Person",
      "name": "Erwan Corre"
    },
    {
      "@id": "#ccec836c-e5d3-4608-a125-a82d690fa2dd",
      "@type": "Person",
      "name": "Stéphanie Robin"
    },
    {
      "@id": "#95698bc2-f975-4bcd-a0b5-88a0d8ffac0b",
      "@type": "Person",
      "name": "Anthony Bretaudeau"
    },
    {
      "@id": "#6986d21f-b634-4cb9-9e35-5566c9f1d0a0",
      "@type": "Person",
      "name": "Alexandre Cormier"
    },
    {
      "@id": "#223d4b14-bdfa-45ef-b6ba-55c349eaf1b9",
      "@type": "Person",
      "name": "Laura Leroi"
    }
  ]
}