{
  "@context": "https://w3id.org/ro/crate/1.1/context",
  "@graph": [
    {
      "@id": "ro-crate-metadata.json",
      "@type": "CreativeWork",
      "about": {
        "@id": "./"
      },
      "conformsTo": [
        {
          "@id": "https://w3id.org/ro/crate/1.1"
        },
        {
          "@id": "https://about.workflowhub.eu/Workflow-RO-Crate/"
        }
      ]
    },
    {
      "@id": "./",
      "@type": "Dataset",
      "datePublished": "2023-11-13T00:54:55.398+00:00",
      "mainEntity": {
        "@id": "main_workflow.ga"
      }
    },
    {
      "@id": "main_workflow.ga",
      "@type": [
        "File",
        "SoftwareSourceCode",
        "ComputationalWorkflow"
      ],
      "author": [
        {
          "@id": "#0b69ed3d-e494-4a34-8db6-141f00f4b981"
        },
        {
          "@id": "#c00fc563-5252-4caa-8172-bd83d81a282b"
        },
        {
          "@id": "#497940ad-ca98-4773-b9bb-3b875e46343a"
        },
        {
          "@id": "#a0932869-d7d1-40ef-854e-f545bfeb2d75"
        },
        {
          "@id": "#7fc133dc-9209-438c-ad99-1b5ccc7f74e9"
        }
      ],
      "license": {
        "@id": "https://spdx.org/licenses/GPL-3.0-or-later"
      },
      "name": "Genome Assembly Quality Control",
      "version": 1,
      "programmingLanguage": {
        "@id": "https://w3id.org/workflowhub/workflow-ro-crate#galaxy"
      }
    },
    {
      "@id": "https://spdx.org/licenses/GPL-3.0-or-later",
      "@type": "CreativeWork",
      "name": "GPL-3.0-or-later"
    },
    {
      "@id": "https://w3id.org/workflowhub/workflow-ro-crate#galaxy",
      "@type": "ComputerLanguage",
      "identifier": {
        "@id": "https://galaxyproject.org/"
      },
      "name": "Galaxy",
      "url": {
        "@id": "https://galaxyproject.org/"
      },
      "version": "23.1"
    },
    {
      "@id": "#0b69ed3d-e494-4a34-8db6-141f00f4b981",
      "@type": "Person",
      "name": "Erwan Corre"
    },
    {
      "@id": "#c00fc563-5252-4caa-8172-bd83d81a282b",
      "@type": "Person",
      "name": "Stéphanie Robin"
    },
    {
      "@id": "#497940ad-ca98-4773-b9bb-3b875e46343a",
      "@type": "Person",
      "name": "Anthony Bretaudeau"
    },
    {
      "@id": "#a0932869-d7d1-40ef-854e-f545bfeb2d75",
      "@type": "Person",
      "name": "Alexandre Cormier"
    },
    {
      "@id": "#7fc133dc-9209-438c-ad99-1b5ccc7f74e9",
      "@type": "Person",
      "name": "Laura Leroi"
    }
  ]
}