{
  "@context": "https://w3id.org/ro/crate/1.1/context",
  "@graph": [
    {
      "@id": "ro-crate-metadata.json",
      "@type": "CreativeWork",
      "about": {
        "@id": "./"
      },
      "conformsTo": [
        {
          "@id": "https://w3id.org/ro/crate/1.1"
        },
        {
          "@id": "https://about.workflowhub.eu/Workflow-RO-Crate/"
        }
      ]
    },
    {
      "@id": "./",
      "@type": "Dataset",
      "datePublished": "2023-11-18T00:53:14.590+00:00",
      "mainEntity": {
        "@id": "main_workflow.ga"
      }
    },
    {
      "@id": "main_workflow.ga",
      "@type": [
        "File",
        "SoftwareSourceCode",
        "ComputationalWorkflow"
      ],
      "author": [
        {
          "@id": "#953719ce-5112-41df-8a19-b717ce414d0b"
        },
        {
          "@id": "#1f583bf8-acc9-489e-ab54-29ad4ecf6492"
        },
        {
          "@id": "#cf0faa1c-e134-4677-9ffd-84689b6c418f"
        },
        {
          "@id": "#6455c28a-c992-4e14-b51b-b7f48796420e"
        },
        {
          "@id": "#6bf01eb7-bb3f-4a0a-b18d-2879d7846b7d"
        }
      ],
      "license": {
        "@id": "https://spdx.org/licenses/GPL-3.0-or-later"
      },
      "name": "Genome Assembly Quality Control",
      "version": 1,
      "programmingLanguage": {
        "@id": "https://w3id.org/workflowhub/workflow-ro-crate#galaxy"
      }
    },
    {
      "@id": "https://spdx.org/licenses/GPL-3.0-or-later",
      "@type": "CreativeWork",
      "name": "GPL-3.0-or-later"
    },
    {
      "@id": "https://w3id.org/workflowhub/workflow-ro-crate#galaxy",
      "@type": "ComputerLanguage",
      "identifier": {
        "@id": "https://galaxyproject.org/"
      },
      "name": "Galaxy",
      "url": {
        "@id": "https://galaxyproject.org/"
      },
      "version": "23.1"
    },
    {
      "@id": "#953719ce-5112-41df-8a19-b717ce414d0b",
      "@type": "Person",
      "name": "Erwan Corre"
    },
    {
      "@id": "#1f583bf8-acc9-489e-ab54-29ad4ecf6492",
      "@type": "Person",
      "name": "Stéphanie Robin"
    },
    {
      "@id": "#cf0faa1c-e134-4677-9ffd-84689b6c418f",
      "@type": "Person",
      "name": "Anthony Bretaudeau"
    },
    {
      "@id": "#6455c28a-c992-4e14-b51b-b7f48796420e",
      "@type": "Person",
      "name": "Alexandre Cormier"
    },
    {
      "@id": "#6bf01eb7-bb3f-4a0a-b18d-2879d7846b7d",
      "@type": "Person",
      "name": "Laura Leroi"
    }
  ]
}