{
  "@context": "https://w3id.org/ro/crate/1.1/context",
  "@graph": [
    {
      "@id": "ro-crate-metadata.json",
      "@type": "CreativeWork",
      "about": {
        "@id": "./"
      },
      "conformsTo": [
        {
          "@id": "https://w3id.org/ro/crate/1.1"
        },
        {
          "@id": "https://about.workflowhub.eu/Workflow-RO-Crate/"
        }
      ]
    },
    {
      "@id": "./",
      "@type": "Dataset",
      "datePublished": "2023-11-27T00:54:48.951+00:00",
      "mainEntity": {
        "@id": "main_workflow.ga"
      }
    },
    {
      "@id": "main_workflow.ga",
      "@type": [
        "File",
        "SoftwareSourceCode",
        "ComputationalWorkflow"
      ],
      "author": [
        {
          "@id": "#3e29e89b-d308-467c-a7a4-0dbd1e01e5d6"
        },
        {
          "@id": "#9e8edea2-c497-46f8-b50a-ca6f1541d699"
        },
        {
          "@id": "#59c9bdad-ef97-4bbd-8d4a-5c4fc22fc843"
        },
        {
          "@id": "#15d0586f-26c5-4c3d-8512-a5cafb25b686"
        },
        {
          "@id": "#2e016742-c30e-44da-befe-2b94845a8793"
        }
      ],
      "license": {
        "@id": "https://spdx.org/licenses/GPL-3.0-or-later"
      },
      "name": "Genome Assembly Quality Control",
      "version": 1,
      "programmingLanguage": {
        "@id": "https://w3id.org/workflowhub/workflow-ro-crate#galaxy"
      }
    },
    {
      "@id": "https://spdx.org/licenses/GPL-3.0-or-later",
      "@type": "CreativeWork",
      "name": "GPL-3.0-or-later"
    },
    {
      "@id": "https://w3id.org/workflowhub/workflow-ro-crate#galaxy",
      "@type": "ComputerLanguage",
      "identifier": {
        "@id": "https://galaxyproject.org/"
      },
      "name": "Galaxy",
      "url": {
        "@id": "https://galaxyproject.org/"
      },
      "version": "23.1"
    },
    {
      "@id": "#3e29e89b-d308-467c-a7a4-0dbd1e01e5d6",
      "@type": "Person",
      "name": "Erwan Corre"
    },
    {
      "@id": "#9e8edea2-c497-46f8-b50a-ca6f1541d699",
      "@type": "Person",
      "name": "Stéphanie Robin"
    },
    {
      "@id": "#59c9bdad-ef97-4bbd-8d4a-5c4fc22fc843",
      "@type": "Person",
      "name": "Anthony Bretaudeau"
    },
    {
      "@id": "#15d0586f-26c5-4c3d-8512-a5cafb25b686",
      "@type": "Person",
      "name": "Alexandre Cormier"
    },
    {
      "@id": "#2e016742-c30e-44da-befe-2b94845a8793",
      "@type": "Person",
      "name": "Laura Leroi"
    }
  ]
}