{
  "@context": "https://w3id.org/ro/crate/1.1/context",
  "@graph": [
    {
      "@id": "ro-crate-metadata.json",
      "@type": "CreativeWork",
      "about": {
        "@id": "./"
      },
      "conformsTo": [
        {
          "@id": "https://w3id.org/ro/crate/1.1"
        },
        {
          "@id": "https://about.workflowhub.eu/Workflow-RO-Crate/"
        }
      ]
    },
    {
      "@id": "./",
      "@type": "Dataset",
      "datePublished": "2023-11-14T00:52:17.742+00:00",
      "mainEntity": {
        "@id": "main_workflow.ga"
      }
    },
    {
      "@id": "main_workflow.ga",
      "@type": [
        "File",
        "SoftwareSourceCode",
        "ComputationalWorkflow"
      ],
      "author": [
        {
          "@id": "#85ff1c88-eb6c-42f3-a520-e7323c109ac7"
        },
        {
          "@id": "#d70902b6-527b-44c0-a6cc-4f990f6160af"
        },
        {
          "@id": "#a0c5e30a-59ca-4ad7-a71a-7d54196ffc57"
        },
        {
          "@id": "#90da39af-1b37-4d17-8e39-1fa875bd5c6b"
        },
        {
          "@id": "#c5c5c98e-74a7-4110-93a3-72995fabdcc0"
        }
      ],
      "license": {
        "@id": "https://spdx.org/licenses/GPL-3.0-or-later"
      },
      "name": "Genome Assembly Quality Control",
      "version": 1,
      "programmingLanguage": {
        "@id": "https://w3id.org/workflowhub/workflow-ro-crate#galaxy"
      }
    },
    {
      "@id": "https://spdx.org/licenses/GPL-3.0-or-later",
      "@type": "CreativeWork",
      "name": "GPL-3.0-or-later"
    },
    {
      "@id": "https://w3id.org/workflowhub/workflow-ro-crate#galaxy",
      "@type": "ComputerLanguage",
      "identifier": {
        "@id": "https://galaxyproject.org/"
      },
      "name": "Galaxy",
      "url": {
        "@id": "https://galaxyproject.org/"
      },
      "version": "23.1"
    },
    {
      "@id": "#85ff1c88-eb6c-42f3-a520-e7323c109ac7",
      "@type": "Person",
      "name": "Erwan Corre"
    },
    {
      "@id": "#d70902b6-527b-44c0-a6cc-4f990f6160af",
      "@type": "Person",
      "name": "Stéphanie Robin"
    },
    {
      "@id": "#a0c5e30a-59ca-4ad7-a71a-7d54196ffc57",
      "@type": "Person",
      "name": "Anthony Bretaudeau"
    },
    {
      "@id": "#90da39af-1b37-4d17-8e39-1fa875bd5c6b",
      "@type": "Person",
      "name": "Alexandre Cormier"
    },
    {
      "@id": "#c5c5c98e-74a7-4110-93a3-72995fabdcc0",
      "@type": "Person",
      "name": "Laura Leroi"
    }
  ]
}