{
  "@context": "https://w3id.org/ro/crate/1.1/context",
  "@graph": [
    {
      "@id": "ro-crate-metadata.json",
      "@type": "CreativeWork",
      "about": {
        "@id": "./"
      },
      "conformsTo": [
        {
          "@id": "https://w3id.org/ro/crate/1.1"
        },
        {
          "@id": "https://about.workflowhub.eu/Workflow-RO-Crate/"
        }
      ]
    },
    {
      "@id": "./",
      "@type": "Dataset",
      "datePublished": "2023-11-21T00:56:52.932+00:00",
      "mainEntity": {
        "@id": "main_workflow.ga"
      }
    },
    {
      "@id": "main_workflow.ga",
      "@type": [
        "File",
        "SoftwareSourceCode",
        "ComputationalWorkflow"
      ],
      "author": [
        {
          "@id": "#aeee5eac-64af-4645-881a-fffe7df95e8c"
        },
        {
          "@id": "#d57bfc44-bb04-486f-98c0-4cf3c43b06e8"
        },
        {
          "@id": "#0935d87f-d5b9-47de-b38b-0d147f0da684"
        },
        {
          "@id": "#63e279f2-14a6-4a14-9c30-9e2a6b8e19bb"
        },
        {
          "@id": "#4fcbe8c4-af35-4da5-942b-a09d0eb59541"
        }
      ],
      "license": {
        "@id": "https://spdx.org/licenses/GPL-3.0-or-later"
      },
      "name": "Genome Assembly Quality Control",
      "version": 1,
      "programmingLanguage": {
        "@id": "https://w3id.org/workflowhub/workflow-ro-crate#galaxy"
      }
    },
    {
      "@id": "https://spdx.org/licenses/GPL-3.0-or-later",
      "@type": "CreativeWork",
      "name": "GPL-3.0-or-later"
    },
    {
      "@id": "https://w3id.org/workflowhub/workflow-ro-crate#galaxy",
      "@type": "ComputerLanguage",
      "identifier": {
        "@id": "https://galaxyproject.org/"
      },
      "name": "Galaxy",
      "url": {
        "@id": "https://galaxyproject.org/"
      },
      "version": "23.1"
    },
    {
      "@id": "#aeee5eac-64af-4645-881a-fffe7df95e8c",
      "@type": "Person",
      "name": "Erwan Corre"
    },
    {
      "@id": "#d57bfc44-bb04-486f-98c0-4cf3c43b06e8",
      "@type": "Person",
      "name": "Stéphanie Robin"
    },
    {
      "@id": "#0935d87f-d5b9-47de-b38b-0d147f0da684",
      "@type": "Person",
      "name": "Anthony Bretaudeau"
    },
    {
      "@id": "#63e279f2-14a6-4a14-9c30-9e2a6b8e19bb",
      "@type": "Person",
      "name": "Alexandre Cormier"
    },
    {
      "@id": "#4fcbe8c4-af35-4da5-942b-a09d0eb59541",
      "@type": "Person",
      "name": "Laura Leroi"
    }
  ]
}