{
  "@context": "https://w3id.org/ro/crate/1.1/context",
  "@graph": [
    {
      "@id": "ro-crate-metadata.json",
      "@type": "CreativeWork",
      "about": {
        "@id": "./"
      },
      "conformsTo": [
        {
          "@id": "https://w3id.org/ro/crate/1.1"
        },
        {
          "@id": "https://about.workflowhub.eu/Workflow-RO-Crate/"
        }
      ]
    },
    {
      "@id": "./",
      "@type": "Dataset",
      "datePublished": "2023-12-07T00:54:19.274+00:00",
      "mainEntity": {
        "@id": "main_workflow.ga"
      }
    },
    {
      "@id": "main_workflow.ga",
      "@type": [
        "File",
        "SoftwareSourceCode",
        "ComputationalWorkflow"
      ],
      "author": [
        {
          "@id": "#0700db76-501e-4694-b14d-ad34851077be"
        },
        {
          "@id": "#88e6dcbe-f9da-4e26-b42a-2d5d34601ef5"
        },
        {
          "@id": "#cd43c134-26be-4233-8ad2-a9ea7d25efeb"
        },
        {
          "@id": "#ed897b4a-f996-47fe-88c2-eb00a3e26f27"
        },
        {
          "@id": "#389a9988-93e6-4335-9c90-59b32e1cb69b"
        }
      ],
      "license": {
        "@id": "https://spdx.org/licenses/GPL-3.0-or-later"
      },
      "name": "Genome Assembly Quality Control",
      "version": 1,
      "programmingLanguage": {
        "@id": "https://w3id.org/workflowhub/workflow-ro-crate#galaxy"
      }
    },
    {
      "@id": "https://spdx.org/licenses/GPL-3.0-or-later",
      "@type": "CreativeWork",
      "name": "GPL-3.0-or-later"
    },
    {
      "@id": "https://w3id.org/workflowhub/workflow-ro-crate#galaxy",
      "@type": "ComputerLanguage",
      "identifier": {
        "@id": "https://galaxyproject.org/"
      },
      "name": "Galaxy",
      "url": {
        "@id": "https://galaxyproject.org/"
      },
      "version": "23.1"
    },
    {
      "@id": "#0700db76-501e-4694-b14d-ad34851077be",
      "@type": "Person",
      "name": "Erwan Corre"
    },
    {
      "@id": "#88e6dcbe-f9da-4e26-b42a-2d5d34601ef5",
      "@type": "Person",
      "name": "Stéphanie Robin"
    },
    {
      "@id": "#cd43c134-26be-4233-8ad2-a9ea7d25efeb",
      "@type": "Person",
      "name": "Anthony Bretaudeau"
    },
    {
      "@id": "#ed897b4a-f996-47fe-88c2-eb00a3e26f27",
      "@type": "Person",
      "name": "Alexandre Cormier"
    },
    {
      "@id": "#389a9988-93e6-4335-9c90-59b32e1cb69b",
      "@type": "Person",
      "name": "Laura Leroi"
    }
  ]
}