{
  "@context": "https://w3id.org/ro/crate/1.1/context",
  "@graph": [
    {
      "@id": "ro-crate-metadata.json",
      "@type": "CreativeWork",
      "about": {
        "@id": "./"
      },
      "conformsTo": [
        {
          "@id": "https://w3id.org/ro/crate/1.1"
        },
        {
          "@id": "https://about.workflowhub.eu/Workflow-RO-Crate/"
        }
      ]
    },
    {
      "@id": "./",
      "@type": "Dataset",
      "datePublished": "2023-11-04T19:17:33.642+00:00",
      "mainEntity": {
        "@id": "main_workflow.ga"
      }
    },
    {
      "@id": "main_workflow.ga",
      "@type": [
        "File",
        "SoftwareSourceCode",
        "ComputationalWorkflow"
      ],
      "author": [
        {
          "@id": "#5b468293-74cf-4eb1-8183-c32fd53a0bd4"
        },
        {
          "@id": "#d210bd25-7ed0-4765-aa38-aa4e557c8e12"
        },
        {
          "@id": "#99582558-4fcb-458e-91b5-6f6dacdde71a"
        },
        {
          "@id": "#f2152a3a-f55f-4e6b-9e98-42b2ca82b8b5"
        },
        {
          "@id": "#1e6fccdb-6786-472e-91a2-cf481841bf1e"
        }
      ],
      "license": {
        "@id": "https://spdx.org/licenses/GPL-3.0-or-later"
      },
      "name": "Genome Assembly Quality Control",
      "version": 1,
      "programmingLanguage": {
        "@id": "https://w3id.org/workflowhub/workflow-ro-crate#galaxy"
      }
    },
    {
      "@id": "https://spdx.org/licenses/GPL-3.0-or-later",
      "@type": "CreativeWork",
      "name": "GPL-3.0-or-later"
    },
    {
      "@id": "https://w3id.org/workflowhub/workflow-ro-crate#galaxy",
      "@type": "ComputerLanguage",
      "identifier": {
        "@id": "https://galaxyproject.org/"
      },
      "name": "Galaxy",
      "url": {
        "@id": "https://galaxyproject.org/"
      },
      "version": "23.1"
    },
    {
      "@id": "#5b468293-74cf-4eb1-8183-c32fd53a0bd4",
      "@type": "Person",
      "name": "Erwan Corre"
    },
    {
      "@id": "#d210bd25-7ed0-4765-aa38-aa4e557c8e12",
      "@type": "Person",
      "name": "Stéphanie Robin"
    },
    {
      "@id": "#99582558-4fcb-458e-91b5-6f6dacdde71a",
      "@type": "Person",
      "name": "Anthony Bretaudeau"
    },
    {
      "@id": "#f2152a3a-f55f-4e6b-9e98-42b2ca82b8b5",
      "@type": "Person",
      "name": "Alexandre Cormier"
    },
    {
      "@id": "#1e6fccdb-6786-472e-91a2-cf481841bf1e",
      "@type": "Person",
      "name": "Laura Leroi"
    }
  ]
}