{
  "@context": "https://w3id.org/ro/crate/1.1/context",
  "@graph": [
    {
      "@id": "ro-crate-metadata.json",
      "@type": "CreativeWork",
      "about": {
        "@id": "./"
      },
      "conformsTo": [
        {
          "@id": "https://w3id.org/ro/crate/1.1"
        },
        {
          "@id": "https://about.workflowhub.eu/Workflow-RO-Crate/"
        }
      ]
    },
    {
      "@id": "./",
      "@type": "Dataset",
      "datePublished": "2023-12-08T00:59:47.506+00:00",
      "mainEntity": {
        "@id": "main_workflow.ga"
      }
    },
    {
      "@id": "main_workflow.ga",
      "@type": [
        "File",
        "SoftwareSourceCode",
        "ComputationalWorkflow"
      ],
      "author": [
        {
          "@id": "#b9175c4f-13de-4119-8536-9209dfb736e9"
        },
        {
          "@id": "#ecb3b4a2-a6b7-46b8-a7f7-edf53468c0ed"
        },
        {
          "@id": "#7df51a7e-1c79-4a20-8f80-78abdeebcd82"
        },
        {
          "@id": "#b4fed70f-4185-43be-8b4b-7d79eb31ea37"
        },
        {
          "@id": "#64aa90ce-cdaa-4d78-8333-eb4555aedfb0"
        }
      ],
      "license": {
        "@id": "https://spdx.org/licenses/GPL-3.0-or-later"
      },
      "name": "Genome Assembly Quality Control",
      "version": 1,
      "programmingLanguage": {
        "@id": "https://w3id.org/workflowhub/workflow-ro-crate#galaxy"
      }
    },
    {
      "@id": "https://spdx.org/licenses/GPL-3.0-or-later",
      "@type": "CreativeWork",
      "name": "GPL-3.0-or-later"
    },
    {
      "@id": "https://w3id.org/workflowhub/workflow-ro-crate#galaxy",
      "@type": "ComputerLanguage",
      "identifier": {
        "@id": "https://galaxyproject.org/"
      },
      "name": "Galaxy",
      "url": {
        "@id": "https://galaxyproject.org/"
      },
      "version": "23.1"
    },
    {
      "@id": "#b9175c4f-13de-4119-8536-9209dfb736e9",
      "@type": "Person",
      "name": "Erwan Corre"
    },
    {
      "@id": "#ecb3b4a2-a6b7-46b8-a7f7-edf53468c0ed",
      "@type": "Person",
      "name": "Stéphanie Robin"
    },
    {
      "@id": "#7df51a7e-1c79-4a20-8f80-78abdeebcd82",
      "@type": "Person",
      "name": "Anthony Bretaudeau"
    },
    {
      "@id": "#b4fed70f-4185-43be-8b4b-7d79eb31ea37",
      "@type": "Person",
      "name": "Alexandre Cormier"
    },
    {
      "@id": "#64aa90ce-cdaa-4d78-8333-eb4555aedfb0",
      "@type": "Person",
      "name": "Laura Leroi"
    }
  ]
}