{
  "@context": "https://w3id.org/ro/crate/1.1/context",
  "@graph": [
    {
      "@id": "ro-crate-metadata.json",
      "@type": "CreativeWork",
      "about": {
        "@id": "./"
      },
      "conformsTo": [
        {
          "@id": "https://w3id.org/ro/crate/1.1"
        },
        {
          "@id": "https://about.workflowhub.eu/Workflow-RO-Crate/"
        }
      ]
    },
    {
      "@id": "./",
      "@type": "Dataset",
      "datePublished": "2023-11-26T00:56:59.818+00:00",
      "mainEntity": {
        "@id": "main_workflow.ga"
      }
    },
    {
      "@id": "main_workflow.ga",
      "@type": [
        "File",
        "SoftwareSourceCode",
        "ComputationalWorkflow"
      ],
      "author": [
        {
          "@id": "#f3798efa-02cb-4345-946f-196a05184b60"
        },
        {
          "@id": "#ad91f5ef-e455-48ac-b25f-106a40eb0297"
        },
        {
          "@id": "#469cccdc-d564-432f-9512-89ccc7463cd3"
        },
        {
          "@id": "#0e64aa01-9d03-4deb-a44b-4e81fe815b16"
        },
        {
          "@id": "#5abbfeda-5518-48e5-993c-3bd1b3ed91a9"
        }
      ],
      "license": {
        "@id": "https://spdx.org/licenses/GPL-3.0-or-later"
      },
      "name": "Genome Assembly Quality Control",
      "version": 1,
      "programmingLanguage": {
        "@id": "https://w3id.org/workflowhub/workflow-ro-crate#galaxy"
      }
    },
    {
      "@id": "https://spdx.org/licenses/GPL-3.0-or-later",
      "@type": "CreativeWork",
      "name": "GPL-3.0-or-later"
    },
    {
      "@id": "https://w3id.org/workflowhub/workflow-ro-crate#galaxy",
      "@type": "ComputerLanguage",
      "identifier": {
        "@id": "https://galaxyproject.org/"
      },
      "name": "Galaxy",
      "url": {
        "@id": "https://galaxyproject.org/"
      },
      "version": "23.1"
    },
    {
      "@id": "#f3798efa-02cb-4345-946f-196a05184b60",
      "@type": "Person",
      "name": "Erwan Corre"
    },
    {
      "@id": "#ad91f5ef-e455-48ac-b25f-106a40eb0297",
      "@type": "Person",
      "name": "Stéphanie Robin"
    },
    {
      "@id": "#469cccdc-d564-432f-9512-89ccc7463cd3",
      "@type": "Person",
      "name": "Anthony Bretaudeau"
    },
    {
      "@id": "#0e64aa01-9d03-4deb-a44b-4e81fe815b16",
      "@type": "Person",
      "name": "Alexandre Cormier"
    },
    {
      "@id": "#5abbfeda-5518-48e5-993c-3bd1b3ed91a9",
      "@type": "Person",
      "name": "Laura Leroi"
    }
  ]
}