{
  "@context": "https://w3id.org/ro/crate/1.1/context",
  "@graph": [
    {
      "@id": "ro-crate-metadata.json",
      "@type": "CreativeWork",
      "about": {
        "@id": "./"
      },
      "conformsTo": [
        {
          "@id": "https://w3id.org/ro/crate/1.1"
        },
        {
          "@id": "https://about.workflowhub.eu/Workflow-RO-Crate/"
        }
      ]
    },
    {
      "@id": "./",
      "@type": "Dataset",
      "datePublished": "2023-11-10T00:53:14.624+00:00",
      "mainEntity": {
        "@id": "main_workflow.ga"
      }
    },
    {
      "@id": "main_workflow.ga",
      "@type": [
        "File",
        "SoftwareSourceCode",
        "ComputationalWorkflow"
      ],
      "author": [
        {
          "@id": "#b84bab92-e783-40e8-9137-009a3edb2f0a"
        },
        {
          "@id": "#aa91b4f3-37f5-42f8-9a55-f453220cb6cc"
        },
        {
          "@id": "#59ce90da-3077-425b-991d-5c82f9f8c143"
        },
        {
          "@id": "#1f651b04-22f6-4ca2-86d2-77bfbaa6567f"
        },
        {
          "@id": "#83637ad7-b3c7-4fd8-b5a0-d49ddda0e9a1"
        }
      ],
      "license": {
        "@id": "https://spdx.org/licenses/GPL-3.0-or-later"
      },
      "name": "Genome Assembly Quality Control",
      "version": 1,
      "programmingLanguage": {
        "@id": "https://w3id.org/workflowhub/workflow-ro-crate#galaxy"
      }
    },
    {
      "@id": "https://spdx.org/licenses/GPL-3.0-or-later",
      "@type": "CreativeWork",
      "name": "GPL-3.0-or-later"
    },
    {
      "@id": "https://w3id.org/workflowhub/workflow-ro-crate#galaxy",
      "@type": "ComputerLanguage",
      "identifier": {
        "@id": "https://galaxyproject.org/"
      },
      "name": "Galaxy",
      "url": {
        "@id": "https://galaxyproject.org/"
      },
      "version": "23.1"
    },
    {
      "@id": "#b84bab92-e783-40e8-9137-009a3edb2f0a",
      "@type": "Person",
      "name": "Erwan Corre"
    },
    {
      "@id": "#aa91b4f3-37f5-42f8-9a55-f453220cb6cc",
      "@type": "Person",
      "name": "Stéphanie Robin"
    },
    {
      "@id": "#59ce90da-3077-425b-991d-5c82f9f8c143",
      "@type": "Person",
      "name": "Anthony Bretaudeau"
    },
    {
      "@id": "#1f651b04-22f6-4ca2-86d2-77bfbaa6567f",
      "@type": "Person",
      "name": "Alexandre Cormier"
    },
    {
      "@id": "#83637ad7-b3c7-4fd8-b5a0-d49ddda0e9a1",
      "@type": "Person",
      "name": "Laura Leroi"
    }
  ]
}