{
  "@context": "https://w3id.org/ro/crate/1.1/context",
  "@graph": [
    {
      "@id": "ro-crate-metadata.json",
      "@type": "CreativeWork",
      "about": {
        "@id": "./"
      },
      "conformsTo": [
        {
          "@id": "https://w3id.org/ro/crate/1.1"
        },
        {
          "@id": "https://about.workflowhub.eu/Workflow-RO-Crate/"
        }
      ]
    },
    {
      "@id": "./",
      "@type": "Dataset",
      "datePublished": "2023-11-16T00:54:22.616+00:00",
      "mainEntity": {
        "@id": "main_workflow.ga"
      }
    },
    {
      "@id": "main_workflow.ga",
      "@type": [
        "File",
        "SoftwareSourceCode",
        "ComputationalWorkflow"
      ],
      "author": [
        {
          "@id": "#52a13f8b-1724-489b-80ef-a7096d7b49b3"
        },
        {
          "@id": "#db1b0054-78ba-4161-9d55-320697125d85"
        },
        {
          "@id": "#01127bb0-5370-4687-bb7b-2e63e661960e"
        },
        {
          "@id": "#c030c0e3-3a21-4cb3-9f41-56c9e76c4f37"
        },
        {
          "@id": "#98c6beea-7268-472c-a322-c6b86c721c33"
        }
      ],
      "license": {
        "@id": "https://spdx.org/licenses/GPL-3.0-or-later"
      },
      "name": "Genome Assembly Quality Control",
      "version": 1,
      "programmingLanguage": {
        "@id": "https://w3id.org/workflowhub/workflow-ro-crate#galaxy"
      }
    },
    {
      "@id": "https://spdx.org/licenses/GPL-3.0-or-later",
      "@type": "CreativeWork",
      "name": "GPL-3.0-or-later"
    },
    {
      "@id": "https://w3id.org/workflowhub/workflow-ro-crate#galaxy",
      "@type": "ComputerLanguage",
      "identifier": {
        "@id": "https://galaxyproject.org/"
      },
      "name": "Galaxy",
      "url": {
        "@id": "https://galaxyproject.org/"
      },
      "version": "23.1"
    },
    {
      "@id": "#52a13f8b-1724-489b-80ef-a7096d7b49b3",
      "@type": "Person",
      "name": "Erwan Corre"
    },
    {
      "@id": "#db1b0054-78ba-4161-9d55-320697125d85",
      "@type": "Person",
      "name": "Stéphanie Robin"
    },
    {
      "@id": "#01127bb0-5370-4687-bb7b-2e63e661960e",
      "@type": "Person",
      "name": "Anthony Bretaudeau"
    },
    {
      "@id": "#c030c0e3-3a21-4cb3-9f41-56c9e76c4f37",
      "@type": "Person",
      "name": "Alexandre Cormier"
    },
    {
      "@id": "#98c6beea-7268-472c-a322-c6b86c721c33",
      "@type": "Person",
      "name": "Laura Leroi"
    }
  ]
}