{
  "@context": "https://w3id.org/ro/crate/1.1/context",
  "@graph": [
    {
      "@id": "ro-crate-metadata.json",
      "@type": "CreativeWork",
      "about": {
        "@id": "./"
      },
      "conformsTo": [
        {
          "@id": "https://w3id.org/ro/crate/1.1"
        },
        {
          "@id": "https://about.workflowhub.eu/Workflow-RO-Crate/"
        }
      ]
    },
    {
      "@id": "./",
      "@type": "Dataset",
      "datePublished": "2023-11-29T00:54:43.765+00:00",
      "mainEntity": {
        "@id": "main_workflow.ga"
      }
    },
    {
      "@id": "main_workflow.ga",
      "@type": [
        "File",
        "SoftwareSourceCode",
        "ComputationalWorkflow"
      ],
      "author": [
        {
          "@id": "#5344b9a0-79bd-4a8c-aded-540ee114f9d4"
        },
        {
          "@id": "#a859c0e9-9145-4ab2-95ad-845b6b12916f"
        },
        {
          "@id": "#7a60f80c-d08a-44b7-8763-9853ace7ae26"
        },
        {
          "@id": "#0c292c73-fbcd-4085-9a9d-49661716b77b"
        },
        {
          "@id": "#4d8d6255-d3e5-4c5d-bbb6-1e28ce85228b"
        }
      ],
      "license": {
        "@id": "https://spdx.org/licenses/GPL-3.0-or-later"
      },
      "name": "Genome Assembly Quality Control",
      "version": 1,
      "programmingLanguage": {
        "@id": "https://w3id.org/workflowhub/workflow-ro-crate#galaxy"
      }
    },
    {
      "@id": "https://spdx.org/licenses/GPL-3.0-or-later",
      "@type": "CreativeWork",
      "name": "GPL-3.0-or-later"
    },
    {
      "@id": "https://w3id.org/workflowhub/workflow-ro-crate#galaxy",
      "@type": "ComputerLanguage",
      "identifier": {
        "@id": "https://galaxyproject.org/"
      },
      "name": "Galaxy",
      "url": {
        "@id": "https://galaxyproject.org/"
      },
      "version": "23.1"
    },
    {
      "@id": "#5344b9a0-79bd-4a8c-aded-540ee114f9d4",
      "@type": "Person",
      "name": "Erwan Corre"
    },
    {
      "@id": "#a859c0e9-9145-4ab2-95ad-845b6b12916f",
      "@type": "Person",
      "name": "Stéphanie Robin"
    },
    {
      "@id": "#7a60f80c-d08a-44b7-8763-9853ace7ae26",
      "@type": "Person",
      "name": "Anthony Bretaudeau"
    },
    {
      "@id": "#0c292c73-fbcd-4085-9a9d-49661716b77b",
      "@type": "Person",
      "name": "Alexandre Cormier"
    },
    {
      "@id": "#4d8d6255-d3e5-4c5d-bbb6-1e28ce85228b",
      "@type": "Person",
      "name": "Laura Leroi"
    }
  ]
}