{
  "@context": "https://w3id.org/ro/crate/1.1/context",
  "@graph": [
    {
      "@id": "ro-crate-metadata.json",
      "@type": "CreativeWork",
      "about": {
        "@id": "./"
      },
      "conformsTo": [
        {
          "@id": "https://w3id.org/ro/crate/1.1"
        },
        {
          "@id": "https://about.workflowhub.eu/Workflow-RO-Crate/"
        }
      ]
    },
    {
      "@id": "./",
      "@type": "Dataset",
      "datePublished": "2023-11-22T01:02:47.049+00:00",
      "mainEntity": {
        "@id": "main_workflow.ga"
      }
    },
    {
      "@id": "main_workflow.ga",
      "@type": [
        "File",
        "SoftwareSourceCode",
        "ComputationalWorkflow"
      ],
      "author": [
        {
          "@id": "#58877bd3-7226-4272-8181-80106ce2fc61"
        },
        {
          "@id": "#2a95b5ef-148d-4f15-9e97-1267d21cdfc8"
        },
        {
          "@id": "#56863d70-a175-44c5-bdde-89b21da2c9b7"
        },
        {
          "@id": "#ce8b5475-2720-4797-a3ed-24d060931cb8"
        },
        {
          "@id": "#d21b79bc-50a1-4bc3-9536-c0c70261a2d7"
        }
      ],
      "license": {
        "@id": "https://spdx.org/licenses/GPL-3.0-or-later"
      },
      "name": "Genome Assembly Quality Control",
      "version": 1,
      "programmingLanguage": {
        "@id": "https://w3id.org/workflowhub/workflow-ro-crate#galaxy"
      }
    },
    {
      "@id": "https://spdx.org/licenses/GPL-3.0-or-later",
      "@type": "CreativeWork",
      "name": "GPL-3.0-or-later"
    },
    {
      "@id": "https://w3id.org/workflowhub/workflow-ro-crate#galaxy",
      "@type": "ComputerLanguage",
      "identifier": {
        "@id": "https://galaxyproject.org/"
      },
      "name": "Galaxy",
      "url": {
        "@id": "https://galaxyproject.org/"
      },
      "version": "23.1"
    },
    {
      "@id": "#58877bd3-7226-4272-8181-80106ce2fc61",
      "@type": "Person",
      "name": "Erwan Corre"
    },
    {
      "@id": "#2a95b5ef-148d-4f15-9e97-1267d21cdfc8",
      "@type": "Person",
      "name": "Stéphanie Robin"
    },
    {
      "@id": "#56863d70-a175-44c5-bdde-89b21da2c9b7",
      "@type": "Person",
      "name": "Anthony Bretaudeau"
    },
    {
      "@id": "#ce8b5475-2720-4797-a3ed-24d060931cb8",
      "@type": "Person",
      "name": "Alexandre Cormier"
    },
    {
      "@id": "#d21b79bc-50a1-4bc3-9536-c0c70261a2d7",
      "@type": "Person",
      "name": "Laura Leroi"
    }
  ]
}