{
  "@context": "https://w3id.org/ro/crate/1.1/context",
  "@graph": [
    {
      "@id": "ro-crate-metadata.json",
      "@type": "CreativeWork",
      "about": {
        "@id": "./"
      },
      "conformsTo": [
        {
          "@id": "https://w3id.org/ro/crate/1.1"
        },
        {
          "@id": "https://about.workflowhub.eu/Workflow-RO-Crate/"
        }
      ]
    },
    {
      "@id": "./",
      "@type": "Dataset",
      "datePublished": "2023-12-01T00:58:47.875+00:00",
      "mainEntity": {
        "@id": "main_workflow.ga"
      }
    },
    {
      "@id": "main_workflow.ga",
      "@type": [
        "File",
        "SoftwareSourceCode",
        "ComputationalWorkflow"
      ],
      "author": [
        {
          "@id": "#3aff587d-0d80-419a-a68e-3efb96e88ce0"
        },
        {
          "@id": "#bd66534b-e0b5-4b7b-a1ef-3f5ac5af2a5a"
        },
        {
          "@id": "#c6ff0f41-318f-483e-96a1-561f81d4e804"
        },
        {
          "@id": "#fe77f796-b67c-4db5-9be3-035ac466dfbe"
        },
        {
          "@id": "#22cfb81d-b1ca-4df6-9f72-25e794339007"
        }
      ],
      "license": {
        "@id": "https://spdx.org/licenses/GPL-3.0-or-later"
      },
      "name": "Genome Assembly Quality Control",
      "version": 1,
      "programmingLanguage": {
        "@id": "https://w3id.org/workflowhub/workflow-ro-crate#galaxy"
      }
    },
    {
      "@id": "https://spdx.org/licenses/GPL-3.0-or-later",
      "@type": "CreativeWork",
      "name": "GPL-3.0-or-later"
    },
    {
      "@id": "https://w3id.org/workflowhub/workflow-ro-crate#galaxy",
      "@type": "ComputerLanguage",
      "identifier": {
        "@id": "https://galaxyproject.org/"
      },
      "name": "Galaxy",
      "url": {
        "@id": "https://galaxyproject.org/"
      },
      "version": "23.1"
    },
    {
      "@id": "#3aff587d-0d80-419a-a68e-3efb96e88ce0",
      "@type": "Person",
      "name": "Erwan Corre"
    },
    {
      "@id": "#bd66534b-e0b5-4b7b-a1ef-3f5ac5af2a5a",
      "@type": "Person",
      "name": "Stéphanie Robin"
    },
    {
      "@id": "#c6ff0f41-318f-483e-96a1-561f81d4e804",
      "@type": "Person",
      "name": "Anthony Bretaudeau"
    },
    {
      "@id": "#fe77f796-b67c-4db5-9be3-035ac466dfbe",
      "@type": "Person",
      "name": "Alexandre Cormier"
    },
    {
      "@id": "#22cfb81d-b1ca-4df6-9f72-25e794339007",
      "@type": "Person",
      "name": "Laura Leroi"
    }
  ]
}