{
  "@context": "https://w3id.org/ro/crate/1.1/context",
  "@graph": [
    {
      "@id": "ro-crate-metadata.json",
      "@type": "CreativeWork",
      "about": {
        "@id": "./"
      },
      "conformsTo": [
        {
          "@id": "https://w3id.org/ro/crate/1.1"
        },
        {
          "@id": "https://about.workflowhub.eu/Workflow-RO-Crate/"
        }
      ]
    },
    {
      "@id": "./",
      "@type": "Dataset",
      "datePublished": "2023-12-10T00:57:52.321+00:00",
      "mainEntity": {
        "@id": "main_workflow.ga"
      }
    },
    {
      "@id": "main_workflow.ga",
      "@type": [
        "File",
        "SoftwareSourceCode",
        "ComputationalWorkflow"
      ],
      "author": [
        {
          "@id": "#04306a16-c464-448e-a45e-a7aff1434c73"
        },
        {
          "@id": "#5f6a49db-8217-4f9a-b412-9e2033e8f28a"
        },
        {
          "@id": "#bf029841-086f-403a-810d-35f944bf8cac"
        },
        {
          "@id": "#3574d468-a50b-4a9d-89cd-143e7b45f09f"
        },
        {
          "@id": "#f69cedd6-22e5-49d1-802c-c460e5afa9e2"
        }
      ],
      "license": {
        "@id": "https://spdx.org/licenses/GPL-3.0-or-later"
      },
      "name": "Genome Assembly Quality Control",
      "version": 1,
      "programmingLanguage": {
        "@id": "https://w3id.org/workflowhub/workflow-ro-crate#galaxy"
      }
    },
    {
      "@id": "https://spdx.org/licenses/GPL-3.0-or-later",
      "@type": "CreativeWork",
      "name": "GPL-3.0-or-later"
    },
    {
      "@id": "https://w3id.org/workflowhub/workflow-ro-crate#galaxy",
      "@type": "ComputerLanguage",
      "identifier": {
        "@id": "https://galaxyproject.org/"
      },
      "name": "Galaxy",
      "url": {
        "@id": "https://galaxyproject.org/"
      },
      "version": "23.1"
    },
    {
      "@id": "#04306a16-c464-448e-a45e-a7aff1434c73",
      "@type": "Person",
      "name": "Erwan Corre"
    },
    {
      "@id": "#5f6a49db-8217-4f9a-b412-9e2033e8f28a",
      "@type": "Person",
      "name": "Stéphanie Robin"
    },
    {
      "@id": "#bf029841-086f-403a-810d-35f944bf8cac",
      "@type": "Person",
      "name": "Anthony Bretaudeau"
    },
    {
      "@id": "#3574d468-a50b-4a9d-89cd-143e7b45f09f",
      "@type": "Person",
      "name": "Alexandre Cormier"
    },
    {
      "@id": "#f69cedd6-22e5-49d1-802c-c460e5afa9e2",
      "@type": "Person",
      "name": "Laura Leroi"
    }
  ]
}