{
  "@context": "https://w3id.org/ro/crate/1.1/context",
  "@graph": [
    {
      "@id": "ro-crate-metadata.json",
      "@type": "CreativeWork",
      "about": {
        "@id": "./"
      },
      "conformsTo": [
        {
          "@id": "https://w3id.org/ro/crate/1.1"
        },
        {
          "@id": "https://about.workflowhub.eu/Workflow-RO-Crate/"
        }
      ]
    },
    {
      "@id": "./",
      "@type": "Dataset",
      "datePublished": "2023-12-09T00:53:24.929+00:00",
      "mainEntity": {
        "@id": "main_workflow.ga"
      }
    },
    {
      "@id": "main_workflow.ga",
      "@type": [
        "File",
        "SoftwareSourceCode",
        "ComputationalWorkflow"
      ],
      "author": [
        {
          "@id": "#9dcdf687-c959-4711-bd96-095f4111cd68"
        },
        {
          "@id": "#7976695d-e42a-4a60-a179-5a29e9e7b905"
        },
        {
          "@id": "#7b7c681d-914e-488d-8a35-30904b70eef8"
        },
        {
          "@id": "#9ec78bac-b298-4dec-bf7e-bd82cc123697"
        },
        {
          "@id": "#88709027-fe79-4673-a12f-990e298f1201"
        }
      ],
      "license": {
        "@id": "https://spdx.org/licenses/GPL-3.0-or-later"
      },
      "name": "Genome Assembly Quality Control",
      "version": 1,
      "programmingLanguage": {
        "@id": "https://w3id.org/workflowhub/workflow-ro-crate#galaxy"
      }
    },
    {
      "@id": "https://spdx.org/licenses/GPL-3.0-or-later",
      "@type": "CreativeWork",
      "name": "GPL-3.0-or-later"
    },
    {
      "@id": "https://w3id.org/workflowhub/workflow-ro-crate#galaxy",
      "@type": "ComputerLanguage",
      "identifier": {
        "@id": "https://galaxyproject.org/"
      },
      "name": "Galaxy",
      "url": {
        "@id": "https://galaxyproject.org/"
      },
      "version": "23.1"
    },
    {
      "@id": "#9dcdf687-c959-4711-bd96-095f4111cd68",
      "@type": "Person",
      "name": "Erwan Corre"
    },
    {
      "@id": "#7976695d-e42a-4a60-a179-5a29e9e7b905",
      "@type": "Person",
      "name": "Stéphanie Robin"
    },
    {
      "@id": "#7b7c681d-914e-488d-8a35-30904b70eef8",
      "@type": "Person",
      "name": "Anthony Bretaudeau"
    },
    {
      "@id": "#9ec78bac-b298-4dec-bf7e-bd82cc123697",
      "@type": "Person",
      "name": "Alexandre Cormier"
    },
    {
      "@id": "#88709027-fe79-4673-a12f-990e298f1201",
      "@type": "Person",
      "name": "Laura Leroi"
    }
  ]
}