{
  "@context": "https://w3id.org/ro/crate/1.1/context",
  "@graph": [
    {
      "@id": "ro-crate-metadata.json",
      "@type": "CreativeWork",
      "about": {
        "@id": "./"
      },
      "conformsTo": [
        {
          "@id": "https://w3id.org/ro/crate/1.1"
        },
        {
          "@id": "https://about.workflowhub.eu/Workflow-RO-Crate/"
        }
      ]
    },
    {
      "@id": "./",
      "@type": "Dataset",
      "datePublished": "2023-11-28T00:54:37.786+00:00",
      "mainEntity": {
        "@id": "main_workflow.ga"
      }
    },
    {
      "@id": "main_workflow.ga",
      "@type": [
        "File",
        "SoftwareSourceCode",
        "ComputationalWorkflow"
      ],
      "author": [
        {
          "@id": "#f4755cd0-0045-4f76-adee-84f1e68776a1"
        },
        {
          "@id": "#d3f8a658-270a-4f58-b6aa-627eb77ccb7b"
        },
        {
          "@id": "#5da67b69-f408-4ab2-b5f1-337c35a54fc8"
        },
        {
          "@id": "#b90ff8e0-730c-4e36-a6d2-c9bc95e0a875"
        },
        {
          "@id": "#70e3ef9a-50c5-40a6-94fe-fe6e60428d40"
        }
      ],
      "license": {
        "@id": "https://spdx.org/licenses/GPL-3.0-or-later"
      },
      "name": "Genome Assembly Quality Control",
      "version": 1,
      "programmingLanguage": {
        "@id": "https://w3id.org/workflowhub/workflow-ro-crate#galaxy"
      }
    },
    {
      "@id": "https://spdx.org/licenses/GPL-3.0-or-later",
      "@type": "CreativeWork",
      "name": "GPL-3.0-or-later"
    },
    {
      "@id": "https://w3id.org/workflowhub/workflow-ro-crate#galaxy",
      "@type": "ComputerLanguage",
      "identifier": {
        "@id": "https://galaxyproject.org/"
      },
      "name": "Galaxy",
      "url": {
        "@id": "https://galaxyproject.org/"
      },
      "version": "23.1"
    },
    {
      "@id": "#f4755cd0-0045-4f76-adee-84f1e68776a1",
      "@type": "Person",
      "name": "Erwan Corre"
    },
    {
      "@id": "#d3f8a658-270a-4f58-b6aa-627eb77ccb7b",
      "@type": "Person",
      "name": "Stéphanie Robin"
    },
    {
      "@id": "#5da67b69-f408-4ab2-b5f1-337c35a54fc8",
      "@type": "Person",
      "name": "Anthony Bretaudeau"
    },
    {
      "@id": "#b90ff8e0-730c-4e36-a6d2-c9bc95e0a875",
      "@type": "Person",
      "name": "Alexandre Cormier"
    },
    {
      "@id": "#70e3ef9a-50c5-40a6-94fe-fe6e60428d40",
      "@type": "Person",
      "name": "Laura Leroi"
    }
  ]
}