{
  "@context": "https://w3id.org/ro/crate/1.1/context",
  "@graph": [
    {
      "@id": "ro-crate-metadata.json",
      "@type": "CreativeWork",
      "about": {
        "@id": "./"
      },
      "conformsTo": [
        {
          "@id": "https://w3id.org/ro/crate/1.1"
        },
        {
          "@id": "https://about.workflowhub.eu/Workflow-RO-Crate/"
        }
      ]
    },
    {
      "@id": "./",
      "@type": "Dataset",
      "datePublished": "2023-11-17T00:54:11.002+00:00",
      "mainEntity": {
        "@id": "main_workflow.ga"
      }
    },
    {
      "@id": "main_workflow.ga",
      "@type": [
        "File",
        "SoftwareSourceCode",
        "ComputationalWorkflow"
      ],
      "author": [
        {
          "@id": "#cf977dc9-faae-4f35-8a43-fc01618483ca"
        },
        {
          "@id": "#6c090049-edfa-4b32-8c62-f13ebab510d7"
        },
        {
          "@id": "#41c1c35e-910b-4cf1-b151-9e0f6384f2ee"
        },
        {
          "@id": "#144f5489-42a0-45cc-a6b6-3d861b9801ff"
        },
        {
          "@id": "#4c9becdf-fe3c-487f-bfdc-79c1d538f79b"
        }
      ],
      "license": {
        "@id": "https://spdx.org/licenses/GPL-3.0-or-later"
      },
      "name": "Genome Assembly Quality Control",
      "version": 1,
      "programmingLanguage": {
        "@id": "https://w3id.org/workflowhub/workflow-ro-crate#galaxy"
      }
    },
    {
      "@id": "https://spdx.org/licenses/GPL-3.0-or-later",
      "@type": "CreativeWork",
      "name": "GPL-3.0-or-later"
    },
    {
      "@id": "https://w3id.org/workflowhub/workflow-ro-crate#galaxy",
      "@type": "ComputerLanguage",
      "identifier": {
        "@id": "https://galaxyproject.org/"
      },
      "name": "Galaxy",
      "url": {
        "@id": "https://galaxyproject.org/"
      },
      "version": "23.1"
    },
    {
      "@id": "#cf977dc9-faae-4f35-8a43-fc01618483ca",
      "@type": "Person",
      "name": "Erwan Corre"
    },
    {
      "@id": "#6c090049-edfa-4b32-8c62-f13ebab510d7",
      "@type": "Person",
      "name": "Stéphanie Robin"
    },
    {
      "@id": "#41c1c35e-910b-4cf1-b151-9e0f6384f2ee",
      "@type": "Person",
      "name": "Anthony Bretaudeau"
    },
    {
      "@id": "#144f5489-42a0-45cc-a6b6-3d861b9801ff",
      "@type": "Person",
      "name": "Alexandre Cormier"
    },
    {
      "@id": "#4c9becdf-fe3c-487f-bfdc-79c1d538f79b",
      "@type": "Person",
      "name": "Laura Leroi"
    }
  ]
}