{
  "@context": "https://w3id.org/ro/crate/1.1/context",
  "@graph": [
    {
      "@id": "ro-crate-metadata.json",
      "@type": "CreativeWork",
      "about": {
        "@id": "./"
      },
      "conformsTo": [
        {
          "@id": "https://w3id.org/ro/crate/1.1"
        },
        {
          "@id": "https://about.workflowhub.eu/Workflow-RO-Crate/"
        }
      ]
    },
    {
      "@id": "./",
      "@type": "Dataset",
      "datePublished": "2023-11-06T00:55:05.900+00:00",
      "mainEntity": {
        "@id": "main_workflow.ga"
      }
    },
    {
      "@id": "main_workflow.ga",
      "@type": [
        "File",
        "SoftwareSourceCode",
        "ComputationalWorkflow"
      ],
      "author": [
        {
          "@id": "#b079f1f9-104a-4563-9eef-e24653393cba"
        },
        {
          "@id": "#7e8f2768-71a2-4816-8d67-3cff9acf86d0"
        },
        {
          "@id": "#7caed5b6-e9a1-4711-8e5c-ded17e06b56e"
        },
        {
          "@id": "#d4c1f348-7e1b-4642-abd3-e3702716f26c"
        },
        {
          "@id": "#aa7ed8cb-b4fd-4b1a-8288-e98d833776f0"
        }
      ],
      "license": {
        "@id": "https://spdx.org/licenses/GPL-3.0-or-later"
      },
      "name": "Genome Assembly Quality Control",
      "version": 1,
      "programmingLanguage": {
        "@id": "https://w3id.org/workflowhub/workflow-ro-crate#galaxy"
      }
    },
    {
      "@id": "https://spdx.org/licenses/GPL-3.0-or-later",
      "@type": "CreativeWork",
      "name": "GPL-3.0-or-later"
    },
    {
      "@id": "https://w3id.org/workflowhub/workflow-ro-crate#galaxy",
      "@type": "ComputerLanguage",
      "identifier": {
        "@id": "https://galaxyproject.org/"
      },
      "name": "Galaxy",
      "url": {
        "@id": "https://galaxyproject.org/"
      },
      "version": "23.1"
    },
    {
      "@id": "#b079f1f9-104a-4563-9eef-e24653393cba",
      "@type": "Person",
      "name": "Erwan Corre"
    },
    {
      "@id": "#7e8f2768-71a2-4816-8d67-3cff9acf86d0",
      "@type": "Person",
      "name": "Stéphanie Robin"
    },
    {
      "@id": "#7caed5b6-e9a1-4711-8e5c-ded17e06b56e",
      "@type": "Person",
      "name": "Anthony Bretaudeau"
    },
    {
      "@id": "#d4c1f348-7e1b-4642-abd3-e3702716f26c",
      "@type": "Person",
      "name": "Alexandre Cormier"
    },
    {
      "@id": "#aa7ed8cb-b4fd-4b1a-8288-e98d833776f0",
      "@type": "Person",
      "name": "Laura Leroi"
    }
  ]
}