{
  "@context": "https://w3id.org/ro/crate/1.1/context",
  "@graph": [
    {
      "@id": "ro-crate-metadata.json",
      "@type": "CreativeWork",
      "about": {
        "@id": "./"
      },
      "conformsTo": [
        {
          "@id": "https://w3id.org/ro/crate/1.1"
        },
        {
          "@id": "https://about.workflowhub.eu/Workflow-RO-Crate/"
        }
      ]
    },
    {
      "@id": "./",
      "@type": "Dataset",
      "datePublished": "2023-11-05T00:55:07.088+00:00",
      "mainEntity": {
        "@id": "main_workflow.ga"
      }
    },
    {
      "@id": "main_workflow.ga",
      "@type": [
        "File",
        "SoftwareSourceCode",
        "ComputationalWorkflow"
      ],
      "author": [
        {
          "@id": "#3016bda5-9243-4f21-80b6-35d17c8139f3"
        },
        {
          "@id": "#a89189fb-7511-4801-9cec-bafd4874b06a"
        },
        {
          "@id": "#8cc1c161-2cff-49c4-992e-7b27700354b9"
        },
        {
          "@id": "#64cd361f-51d2-4897-a08b-d92fefef88a6"
        },
        {
          "@id": "#e4fe047e-244e-401e-99c7-e9d2a1c346a2"
        }
      ],
      "license": {
        "@id": "https://spdx.org/licenses/GPL-3.0-or-later"
      },
      "name": "Genome Assembly Quality Control",
      "version": 1,
      "programmingLanguage": {
        "@id": "https://w3id.org/workflowhub/workflow-ro-crate#galaxy"
      }
    },
    {
      "@id": "https://spdx.org/licenses/GPL-3.0-or-later",
      "@type": "CreativeWork",
      "name": "GPL-3.0-or-later"
    },
    {
      "@id": "https://w3id.org/workflowhub/workflow-ro-crate#galaxy",
      "@type": "ComputerLanguage",
      "identifier": {
        "@id": "https://galaxyproject.org/"
      },
      "name": "Galaxy",
      "url": {
        "@id": "https://galaxyproject.org/"
      },
      "version": "23.1"
    },
    {
      "@id": "#3016bda5-9243-4f21-80b6-35d17c8139f3",
      "@type": "Person",
      "name": "Erwan Corre"
    },
    {
      "@id": "#a89189fb-7511-4801-9cec-bafd4874b06a",
      "@type": "Person",
      "name": "Stéphanie Robin"
    },
    {
      "@id": "#8cc1c161-2cff-49c4-992e-7b27700354b9",
      "@type": "Person",
      "name": "Anthony Bretaudeau"
    },
    {
      "@id": "#64cd361f-51d2-4897-a08b-d92fefef88a6",
      "@type": "Person",
      "name": "Alexandre Cormier"
    },
    {
      "@id": "#e4fe047e-244e-401e-99c7-e9d2a1c346a2",
      "@type": "Person",
      "name": "Laura Leroi"
    }
  ]
}