{
  "@context": "https://w3id.org/ro/crate/1.1/context",
  "@graph": [
    {
      "@id": "ro-crate-metadata.json",
      "@type": "CreativeWork",
      "about": {
        "@id": "./"
      },
      "conformsTo": [
        {
          "@id": "https://w3id.org/ro/crate/1.1"
        },
        {
          "@id": "https://about.workflowhub.eu/Workflow-RO-Crate/"
        }
      ]
    },
    {
      "@id": "./",
      "@type": "Dataset",
      "datePublished": "2023-11-07T00:52:46.184+00:00",
      "mainEntity": {
        "@id": "main_workflow.ga"
      }
    },
    {
      "@id": "main_workflow.ga",
      "@type": [
        "File",
        "SoftwareSourceCode",
        "ComputationalWorkflow"
      ],
      "author": [
        {
          "@id": "#c5ab7db1-b019-4734-acf7-0becf630c993"
        },
        {
          "@id": "#0bb28629-29b7-4812-a7d2-2a6f2fddac85"
        },
        {
          "@id": "#090a831c-ba85-4661-af4e-dd20a1fb4366"
        },
        {
          "@id": "#a89b4b10-b4ba-4c2e-a76e-4d92c27c4ab4"
        },
        {
          "@id": "#96f1f6bb-e8c1-4d14-b85a-07473bd2dbbe"
        }
      ],
      "license": {
        "@id": "https://spdx.org/licenses/GPL-3.0-or-later"
      },
      "name": "Genome Assembly Quality Control",
      "version": 1,
      "programmingLanguage": {
        "@id": "https://w3id.org/workflowhub/workflow-ro-crate#galaxy"
      }
    },
    {
      "@id": "https://spdx.org/licenses/GPL-3.0-or-later",
      "@type": "CreativeWork",
      "name": "GPL-3.0-or-later"
    },
    {
      "@id": "https://w3id.org/workflowhub/workflow-ro-crate#galaxy",
      "@type": "ComputerLanguage",
      "identifier": {
        "@id": "https://galaxyproject.org/"
      },
      "name": "Galaxy",
      "url": {
        "@id": "https://galaxyproject.org/"
      },
      "version": "23.1"
    },
    {
      "@id": "#c5ab7db1-b019-4734-acf7-0becf630c993",
      "@type": "Person",
      "name": "Erwan Corre"
    },
    {
      "@id": "#0bb28629-29b7-4812-a7d2-2a6f2fddac85",
      "@type": "Person",
      "name": "Stéphanie Robin"
    },
    {
      "@id": "#090a831c-ba85-4661-af4e-dd20a1fb4366",
      "@type": "Person",
      "name": "Anthony Bretaudeau"
    },
    {
      "@id": "#a89b4b10-b4ba-4c2e-a76e-4d92c27c4ab4",
      "@type": "Person",
      "name": "Alexandre Cormier"
    },
    {
      "@id": "#96f1f6bb-e8c1-4d14-b85a-07473bd2dbbe",
      "@type": "Person",
      "name": "Laura Leroi"
    }
  ]
}