{
  "@context": "https://w3id.org/ro/crate/1.1/context",
  "@graph": [
    {
      "@id": "ro-crate-metadata.json",
      "@type": "CreativeWork",
      "about": {
        "@id": "./"
      },
      "conformsTo": [
        {
          "@id": "https://w3id.org/ro/crate/1.1"
        },
        {
          "@id": "https://about.workflowhub.eu/Workflow-RO-Crate/"
        }
      ]
    },
    {
      "@id": "./",
      "@type": "Dataset",
      "datePublished": "2023-11-24T00:53:46.146+00:00",
      "mainEntity": {
        "@id": "main_workflow.ga"
      }
    },
    {
      "@id": "main_workflow.ga",
      "@type": [
        "File",
        "SoftwareSourceCode",
        "ComputationalWorkflow"
      ],
      "author": [
        {
          "@id": "#dce0c6d6-7c4e-4f6e-adb8-2a3fdf67fecd"
        },
        {
          "@id": "#58651940-defa-47dc-ad74-618f01e35932"
        },
        {
          "@id": "#7aafb6ec-f129-453f-8e4f-e1c4ae86bef9"
        },
        {
          "@id": "#c085fef1-5817-4396-b77e-7df815e5060f"
        },
        {
          "@id": "#bc85a332-f8ea-4891-a172-99ba5f8d9ef0"
        }
      ],
      "license": {
        "@id": "https://spdx.org/licenses/GPL-3.0-or-later"
      },
      "name": "Genome Assembly Quality Control",
      "version": 1,
      "programmingLanguage": {
        "@id": "https://w3id.org/workflowhub/workflow-ro-crate#galaxy"
      }
    },
    {
      "@id": "https://spdx.org/licenses/GPL-3.0-or-later",
      "@type": "CreativeWork",
      "name": "GPL-3.0-or-later"
    },
    {
      "@id": "https://w3id.org/workflowhub/workflow-ro-crate#galaxy",
      "@type": "ComputerLanguage",
      "identifier": {
        "@id": "https://galaxyproject.org/"
      },
      "name": "Galaxy",
      "url": {
        "@id": "https://galaxyproject.org/"
      },
      "version": "23.1"
    },
    {
      "@id": "#dce0c6d6-7c4e-4f6e-adb8-2a3fdf67fecd",
      "@type": "Person",
      "name": "Erwan Corre"
    },
    {
      "@id": "#58651940-defa-47dc-ad74-618f01e35932",
      "@type": "Person",
      "name": "Stéphanie Robin"
    },
    {
      "@id": "#7aafb6ec-f129-453f-8e4f-e1c4ae86bef9",
      "@type": "Person",
      "name": "Anthony Bretaudeau"
    },
    {
      "@id": "#c085fef1-5817-4396-b77e-7df815e5060f",
      "@type": "Person",
      "name": "Alexandre Cormier"
    },
    {
      "@id": "#bc85a332-f8ea-4891-a172-99ba5f8d9ef0",
      "@type": "Person",
      "name": "Laura Leroi"
    }
  ]
}