{
  "@context": "https://w3id.org/ro/crate/1.1/context",
  "@graph": [
    {
      "@id": "ro-crate-metadata.json",
      "@type": "CreativeWork",
      "about": {
        "@id": "./"
      },
      "conformsTo": [
        {
          "@id": "https://w3id.org/ro/crate/1.1"
        },
        {
          "@id": "https://about.workflowhub.eu/Workflow-RO-Crate/"
        }
      ]
    },
    {
      "@id": "./",
      "@type": "Dataset",
      "datePublished": "2023-12-03T00:57:08.936+00:00",
      "mainEntity": {
        "@id": "main_workflow.ga"
      }
    },
    {
      "@id": "main_workflow.ga",
      "@type": [
        "File",
        "SoftwareSourceCode",
        "ComputationalWorkflow"
      ],
      "author": [
        {
          "@id": "#d37f81e6-44fe-4738-8146-93ee65de9a31"
        },
        {
          "@id": "#e9eea06c-65be-4821-a027-bceb544a302d"
        },
        {
          "@id": "#d35bac42-491f-4ad1-9f16-112f0470a5d9"
        },
        {
          "@id": "#acd91be5-4c22-43bc-bd10-53494fa7acc9"
        },
        {
          "@id": "#94f464b2-dc35-4cb1-aafe-e1112f7d54b7"
        }
      ],
      "license": {
        "@id": "https://spdx.org/licenses/GPL-3.0-or-later"
      },
      "name": "Genome Assembly Quality Control",
      "version": 1,
      "programmingLanguage": {
        "@id": "https://w3id.org/workflowhub/workflow-ro-crate#galaxy"
      }
    },
    {
      "@id": "https://spdx.org/licenses/GPL-3.0-or-later",
      "@type": "CreativeWork",
      "name": "GPL-3.0-or-later"
    },
    {
      "@id": "https://w3id.org/workflowhub/workflow-ro-crate#galaxy",
      "@type": "ComputerLanguage",
      "identifier": {
        "@id": "https://galaxyproject.org/"
      },
      "name": "Galaxy",
      "url": {
        "@id": "https://galaxyproject.org/"
      },
      "version": "23.1"
    },
    {
      "@id": "#d37f81e6-44fe-4738-8146-93ee65de9a31",
      "@type": "Person",
      "name": "Erwan Corre"
    },
    {
      "@id": "#e9eea06c-65be-4821-a027-bceb544a302d",
      "@type": "Person",
      "name": "Stéphanie Robin"
    },
    {
      "@id": "#d35bac42-491f-4ad1-9f16-112f0470a5d9",
      "@type": "Person",
      "name": "Anthony Bretaudeau"
    },
    {
      "@id": "#acd91be5-4c22-43bc-bd10-53494fa7acc9",
      "@type": "Person",
      "name": "Alexandre Cormier"
    },
    {
      "@id": "#94f464b2-dc35-4cb1-aafe-e1112f7d54b7",
      "@type": "Person",
      "name": "Laura Leroi"
    }
  ]
}