{
  "@context": "https://w3id.org/ro/crate/1.1/context",
  "@graph": [
    {
      "@id": "ro-crate-metadata.json",
      "@type": "CreativeWork",
      "about": {
        "@id": "./"
      },
      "conformsTo": [
        {
          "@id": "https://w3id.org/ro/crate/1.1"
        },
        {
          "@id": "https://about.workflowhub.eu/Workflow-RO-Crate/"
        }
      ]
    },
    {
      "@id": "./",
      "@type": "Dataset",
      "datePublished": "2023-11-15T00:55:28.381+00:00",
      "mainEntity": {
        "@id": "main_workflow.ga"
      }
    },
    {
      "@id": "main_workflow.ga",
      "@type": [
        "File",
        "SoftwareSourceCode",
        "ComputationalWorkflow"
      ],
      "author": [
        {
          "@id": "#2331b204-5bad-4db4-980e-f6f9d1ef1f35"
        },
        {
          "@id": "#af175bfc-f4bc-4a18-ae56-9388f018a901"
        },
        {
          "@id": "#d5d15edb-45b2-4bca-953f-8ee8bd2a52cf"
        },
        {
          "@id": "#613f6f83-144b-4d3e-98db-523797fc33a3"
        },
        {
          "@id": "#759882a2-08b2-492d-ab57-ad3f0a15e98f"
        }
      ],
      "license": {
        "@id": "https://spdx.org/licenses/GPL-3.0-or-later"
      },
      "name": "Genome Assembly Quality Control",
      "version": 1,
      "programmingLanguage": {
        "@id": "https://w3id.org/workflowhub/workflow-ro-crate#galaxy"
      }
    },
    {
      "@id": "https://spdx.org/licenses/GPL-3.0-or-later",
      "@type": "CreativeWork",
      "name": "GPL-3.0-or-later"
    },
    {
      "@id": "https://w3id.org/workflowhub/workflow-ro-crate#galaxy",
      "@type": "ComputerLanguage",
      "identifier": {
        "@id": "https://galaxyproject.org/"
      },
      "name": "Galaxy",
      "url": {
        "@id": "https://galaxyproject.org/"
      },
      "version": "23.1"
    },
    {
      "@id": "#2331b204-5bad-4db4-980e-f6f9d1ef1f35",
      "@type": "Person",
      "name": "Erwan Corre"
    },
    {
      "@id": "#af175bfc-f4bc-4a18-ae56-9388f018a901",
      "@type": "Person",
      "name": "Stéphanie Robin"
    },
    {
      "@id": "#d5d15edb-45b2-4bca-953f-8ee8bd2a52cf",
      "@type": "Person",
      "name": "Anthony Bretaudeau"
    },
    {
      "@id": "#613f6f83-144b-4d3e-98db-523797fc33a3",
      "@type": "Person",
      "name": "Alexandre Cormier"
    },
    {
      "@id": "#759882a2-08b2-492d-ab57-ad3f0a15e98f",
      "@type": "Person",
      "name": "Laura Leroi"
    }
  ]
}